batter,Name,Year,VBA_Rnk,AA_Rnk,Rank_avg,EVI_CQ,Diff,Timing_Rnk
543305,Aaron Hicks,2022,13,45,29,41,12,25
543305,Aaron Hicks,2023,15,28,21,13,-8,3
592450,Aaron Judge,2019,96,66,81,96,15,84
592450,Aaron Judge,2021,97,43,70,85,15,87
592450,Aaron Judge,2022,100,87,93,100,7,91
592450,Aaron Judge,2023,100,98,99,100,1,81
592450,Aaron Judge,2024,99,96,98,100,2,76
647351,Abraham Toro,2021,62,89,76,29,-47,10
647351,Abraham Toro,2022,53,85,69,33,-36,7
647351,Abraham Toro,2024,24,34,29,27,-2,49
609275,Adalberto Mondesí,2019,14,35,25,37,12,23
594807,Adam Duvall,2021,51,95,73,88,15,28
594807,Adam Duvall,2022,74,95,85,80,-5,58
594807,Adam Duvall,2023,29,100,65,75,10,80
594807,Adam Duvall,2024,37,98,67,24,-43,1
594809,Adam Eaton,2019,12,33,23,13,-10,53
594809,Adam Eaton,2021,14,4,9,15,6,83
641553,Adam Engel,2022,19,43,31,1,-30,88
624428,Adam Frazier,2019,82,45,64,47,-17,47
624428,Adam Frazier,2021,82,13,48,87,39,82
624428,Adam Frazier,2022,87,50,69,65,-4,70
624428,Adam Frazier,2023,88,84,86,77,-9,60
624428,Adam Frazier,2024,91,20,56,66,10,61
430945,Adam Jones,2019,71,41,56,42,-14,16
680718,Addison Barger,2024,40,59,50,20,-30,7
668939,Adley Rutschman,2022,90,63,77,54,-23,47
668939,Adley Rutschman,2023,87,51,69,72,3,64
668939,Adley Rutschman,2024,85,84,84,57,-27,71
666969,Adolis García,2021,51,80,65,68,3,33
666969,Adolis García,2022,44,61,52,77,25,28
666969,Adolis García,2023,44,93,68,92,24,59
666969,Adolis García,2024,28,78,53,51,-2,11
572041,AJ Pollock,2019,50,24,37,64,27,11
572041,AJ Pollock,2021,36,41,39,81,42,30
572041,AJ Pollock,2022,24,20,22,47,25,25
668731,Akil Baddoo,2021,26,97,61,67,6,75
668731,Akil Baddoo,2023,31,72,52,18,-34,11
676701,Alan Trejo,2023,91,41,66,88,22,50
546991,Albert Almora,2019,37,11,24,6,-18,36
546991,Albert Almora,2022,17,36,26,32,6,51
405395,Albert Pujols,2019,4,32,18,11,-7,42
405395,Albert Pujols,2021,13,23,18,32,14,61
405395,Albert Pujols,2022,6,33,20,72,52,39
444876,Alcides Escobar,2021,84,20,52,81,29,11
664761,Alec Bohm,2021,59,5,32,66,34,95
664761,Alec Bohm,2022,58,21,39,78,39,63
664761,Alec Bohm,2023,51,44,48,57,9,70
664761,Alec Bohm,2024,42,21,32,54,22,96
676475,Alec Burleson,2023,61,53,57,34,-23,26
676475,Alec Burleson,2024,60,55,57,42,-15,55
649557,Aledmys Díaz,2021,15,31,23,38,15,64
649557,Aledmys Díaz,2022,6,52,29,12,-17,57
649557,Aledmys Díaz,2023,21,3,12,7,-5,35
672386,Alejandro Kirk,2022,7,12,9,46,37,92
672386,Alejandro Kirk,2023,1,29,15,29,14,85
672386,Alejandro Kirk,2024,3,16,10,22,12,90
677950,Alek Thomas,2022,12,2,7,4,-3,73
677950,Alek Thomas,2023,9,6,8,11,3,31
608324,Alex Bregman,2019,10,89,49,59,10,79
608324,Alex Bregman,2021,13,36,25,56,31,79
608324,Alex Bregman,2022,10,67,39,76,37,88
608324,Alex Bregman,2023,18,86,52,73,21,93
608324,Alex Bregman,2024,18,51,34,58,24,63
669743,Alex Call,2023,18,49,33,9,-24,12
543105,Alex Dickerson,2021,33,56,44,62,18,43
460086,Alex Gordon,2019,77,53,65,39,-26,94
666135,Alex Kirilloff,2021,65,30,48,99,51,98
666135,Alex Kirilloff,2023,83,76,79,97,18,96
666135,Alex Kirilloff,2024,74,77,76,81,5,94
657077,Alex Verdugo,2019,30,6,18,21,3,88
657077,Alex Verdugo,2021,41,14,27,55,28,94
657077,Alex Verdugo,2022,34,37,36,50,14,78
657077,Alex Verdugo,2023,37,21,29,50,21,66
657077,Alex Verdugo,2024,30,31,31,21,-10,78
663845,Alfonso Rivas,2022,92,7,50,65,15,12
642708,Amed Rosario,2019,46,9,27,51,24,87
642708,Amed Rosario,2021,18,4,11,20,9,83
642708,Amed Rosario,2022,25,10,17,21,4,77
642708,Amed Rosario,2023,33,14,24,19,-5,75
642708,Amed Rosario,2024,18,16,17,23,6,51
592743,Andrelton Simmons,2019,1,1,1,2,1,18
592743,Andrelton Simmons,2021,0,5,2,16,14,30
665926,Andrés Giménez,2022,27,17,22,65,43,53
665926,Andrés Giménez,2023,40,39,39,29,-10,29
665926,Andrés Giménez,2024,37,14,26,52,26,51
643217,Andrew Benintendi,2019,85,70,77,88,11,79
643217,Andrew Benintendi,2021,57,91,74,83,9,77
643217,Andrew Benintendi,2022,54,39,46,84,38,95
643217,Andrew Benintendi,2023,66,46,56,81,25,95
643217,Andrew Benintendi,2024,76,85,81,80,-1,62
668800,Andrew Knizner,2022,19,4,12,9,-3,23
668800,Andrew Knizner,2023,12,54,33,16,-17,24
457705,Andrew McCutchen,2021,71,63,67,65,-2,29
457705,Andrew McCutchen,2022,51,55,53,61,8,51
457705,Andrew McCutchen,2023,75,37,56,59,3,26
457705,Andrew McCutchen,2024,71,66,68,87,19,13
683734,Andrew Vaughn,2021,56,50,53,38,-15,38
683734,Andrew Vaughn,2022,28,35,32,43,11,73
683734,Andrew Vaughn,2023,40,43,41,31,-10,43
683734,Andrew Vaughn,2024,37,67,52,50,-2,34
623205,Andrew Velazquez,2022,52,56,54,50,-4,5
655316,Andruw Monasterio,2023,56,48,52,78,26,87
628451,Andy Ibáñez,2021,27,67,47,47,0,62
628451,Andy Ibáñez,2023,26,28,27,68,41,75
628451,Andy Ibáñez,2024,14,58,36,32,-4,62
681624,Andy Pages,2024,100,78,89,76,-13,58
682657,Angel Martinez,2024,71,25,48,35,-13,48
543685,Anthony Rendon,2019,77,81,79,97,18,62
543685,Anthony Rendon,2021,73,70,72,54,-18,85
543685,Anthony Rendon,2024,74,55,64,16,-48,4
519203,Anthony Rizzo,2019,52,30,41,30,-11,92
519203,Anthony Rizzo,2021,30,56,43,11,-32,61
519203,Anthony Rizzo,2022,66,91,79,75,-4,18
519203,Anthony Rizzo,2023,64,81,73,52,-21,97
519203,Anthony Rizzo,2024,43,27,35,12,-23,16
623993,Anthony Santander,2019,8,58,33,12,-21,31
623993,Anthony Santander,2021,17,39,28,47,19,69
623993,Anthony Santander,2022,13,80,46,60,14,36
623993,Anthony Santander,2023,12,63,38,25,-13,55
623993,Anthony Santander,2024,9,87,48,28,-20,45
683011,Anthony Volpe,2023,68,58,63,79,16,88
683011,Anthony Volpe,2024,51,16,34,38,4,64
606157,Aristides Aquino,2022,53,95,74,7,-67,0
452678,Asdrúbal Cabrera,2019,34,82,58,58,0,77
452678,Asdrúbal Cabrera,2021,34,65,50,58,8,19
605131,Austin Barnes,2024,5,10,7,18,11,82
669720,Austin Hays,2021,49,51,50,52,2,16
669720,Austin Hays,2022,40,47,44,36,-8,13
669720,Austin Hays,2023,23,50,36,42,6,47
669720,Austin Hays,2024,20,62,41,20,-21,66
595978,Austin Hedges,2019,27,94,61,21,-40,5
595978,Austin Hedges,2021,16,65,40,9,-31,9
595978,Austin Hedges,2022,27,25,26,8,-18,3
595978,Austin Hedges,2023,10,36,23,35,12,3
668885,Austin Martin,2024,99,13,56,88,32,70
640457,Austin Meadows,2019,40,80,60,79,19,70
640457,Austin Meadows,2021,46,92,69,58,-11,61
543592,Austin Nola,2021,41,33,37,8,-29,8
543592,Austin Nola,2022,20,30,25,25,0,72
663586,Austin Riley,2021,70,41,56,80,24,17
663586,Austin Riley,2022,75,67,71,84,13,36
663586,Austin Riley,2023,81,57,69,57,-12,18
663586,Austin Riley,2024,76,59,67,84,17,59
596103,Austin Slater,2021,87,28,58,91,33,73
596103,Austin Slater,2022,98,12,55,97,42,87
596103,Austin Slater,2024,84,8,46,77,31,47
669224,Austin Wells,2024,73,75,74,76,2,8
541645,Avisaíl García,2019,49,42,46,16,-30,55
541645,Avisaíl García,2021,55,17,36,66,30,80
541645,Avisaíl García,2022,61,44,52,18,-34,53
592325,Ben Gamel,2019,81,32,57,42,-15,68
592325,Ben Gamel,2021,77,89,83,63,-20,26
592325,Ben Gamel,2022,84,60,72,52,-20,58
700250,Ben Rice,2024,77,96,86,85,-1,43
666163,Ben Rortvedt,2024,13,52,33,19,-14,89
571740,Billy Hamilton,2019,54,18,36,67,31,11
641856,Billy McKinney,2021,94,78,86,29,-57,7
663368,Blake Perkins,2024,44,48,46,65,19,70
666165,Blake Sabol,2023,55,86,70,66,-4,20
677942,Blaze Alexander,2024,78,2,40,3,-37,1
666182,Bo Bichette,2021,83,19,51,53,2,31
666182,Bo Bichette,2022,90,14,52,64,12,86
666182,Bo Bichette,2023,93,25,59,75,16,52
666182,Bo Bichette,2024,93,25,59,15,-44,49
666310,Bo Naylor,2024,35,74,55,47,-8,18
666915,Bobby Dalbec,2021,83,83,83,92,9,83
666915,Bobby Dalbec,2022,68,46,57,64,7,16
677951,Bobby Witt,2022,43,80,62,10,-52,50
677951,Bobby Witt,2023,44,66,55,44,-11,71
677951,Bobby Witt,2024,30,59,45,72,27,67
543543,Brad Miller,2021,22,25,24,79,55,75
543543,Brad Miller,2022,17,59,38,38,0,10
605548,Bradley Zimmer,2021,21,47,34,22,-12,73
474832,Brandon Belt,2019,100,98,99,77,-22,24
474832,Brandon Belt,2021,100,99,100,99,-1,4
474832,Brandon Belt,2022,100,95,98,95,-3,10
474832,Brandon Belt,2023,100,99,99,98,-1,19
543063,Brandon Crawford,2019,15,33,24,52,28,97
543063,Brandon Crawford,2021,40,80,60,90,30,65
543063,Brandon Crawford,2022,51,24,37,56,19,45
543063,Brandon Crawford,2023,32,15,24,50,26,47
641525,Brandon Dixon,2019,47,85,66,71,5,55
592273,Brandon Drury,2019,33,57,45,51,6,28
592273,Brandon Drury,2022,27,68,47,46,-1,70
592273,Brandon Drury,2023,35,67,51,58,7,55
592273,Brandon Drury,2024,39,1,20,0,-20,10
664040,Brandon Lowe,2019,92,95,93,100,7,57
664040,Brandon Lowe,2021,62,90,76,89,13,33
664040,Brandon Lowe,2022,55,63,59,26,-33,6
664040,Brandon Lowe,2023,73,55,64,84,20,32
664040,Brandon Lowe,2024,70,89,80,95,15,48
669016,Brandon Marsh,2022,98,60,79,88,9,42
669016,Brandon Marsh,2023,99,46,72,81,9,88
669016,Brandon Marsh,2024,98,73,85,97,12,80
607043,Brandon Nimmo,2021,19,6,13,39,26,60
607043,Brandon Nimmo,2022,8,13,11,28,17,69
607043,Brandon Nimmo,2023,22,38,30,58,28,56
607043,Brandon Nimmo,2024,21,46,34,44,10,93
677587,Brayan Rocchio,2024,15,44,29,19,-10,40
680977,Brendan Donovan,2022,40,3,22,70,48,99
680977,Brendan Donovan,2023,42,42,42,72,30,96
680977,Brendan Donovan,2024,19,37,28,61,33,86
663898,Brendan Rodgers,2021,26,27,27,19,-8,62
663898,Brendan Rodgers,2022,22,9,16,44,28,91
663898,Brendan Rodgers,2024,44,4,24,28,4,98
667670,Brent Rooker,2023,92,94,93,97,4,72
667670,Brent Rooker,2024,88,93,91,99,8,78
686668,Brenton Doyle,2023,36,71,53,45,-8,52
686668,Brenton Doyle,2024,28,80,54,81,27,64
683146,Brett Baty,2023,92,33,62,16,-46,21
683146,Brett Baty,2024,88,35,62,2,-60,14
458731,Brett Gardner,2019,2,30,16,8,-8,46
458731,Brett Gardner,2021,4,33,19,13,-6,30
689172,Brett Wisely,2024,44,67,56,52,-4,20
605119,Brian Anderson,2019,49,36,42,57,15,22
605119,Brian Anderson,2021,40,21,31,55,24,78
605119,Brian Anderson,2022,44,24,34,29,-5,49
605119,Brian Anderson,2023,53,16,35,82,47,51
572821,Brian Dozier,2019,17,89,53,70,17,41
571718,Brian Goodwin,2019,43,90,67,64,-3,45
571718,Brian Goodwin,2021,55,74,64,69,5,82
435263,Brian McCann,2019,5,19,12,48,36,28
668930,Brice Turang,2023,27,69,48,24,-24,4
668930,Brice Turang,2024,34,5,20,59,39,45
571788,Brock Holt,2021,75,11,43,63,20,25
686797,Brooks Lee,2024,27,80,54,36,-18,30
650559,Bryan De La Cruz,2022,91,72,81,97,16,97
650559,Bryan De La Cruz,2023,91,51,71,76,5,62
650559,Bryan De La Cruz,2024,94,77,86,82,-4,41
668804,Bryan Reynolds,2019,95,25,60,81,21,76
668804,Bryan Reynolds,2021,96,76,86,77,-9,30
668804,Bryan Reynolds,2022,96,26,61,52,-9,33
668804,Bryan Reynolds,2023,92,46,69,88,19,44
668804,Bryan Reynolds,2024,91,42,67,90,23,49
547180,Bryce Harper,2019,93,71,82,74,-8,15
547180,Bryce Harper,2021,91,81,86,98,12,57
547180,Bryce Harper,2022,86,57,72,85,13,55
547180,Bryce Harper,2023,82,15,49,71,22,36
547180,Bryce Harper,2024,86,71,79,69,-10,41
681082,Bryson Stott,2022,34,20,27,24,-3,31
681082,Bryson Stott,2023,36,31,34,64,30,96
681082,Bryson Stott,2024,34,31,33,41,8,57
457763,Buster Posey,2019,76,45,61,44,-17,52
457763,Buster Posey,2021,90,53,71,97,26,43
621439,Byron Buxton,2021,67,68,68,92,24,35
621439,Byron Buxton,2022,77,76,77,92,15,11
621439,Byron Buxton,2023,55,97,76,23,-53,8
621439,Byron Buxton,2024,62,69,66,90,24,21
543068,C. J. Cron,2019,53,64,58,37,-21,49
543068,C. J. Cron,2021,55,70,63,42,-21,42
543068,C. J. Cron,2022,41,72,56,51,-5,31
543068,C. J. Cron,2023,28,58,43,33,-10,17
668751,Cal Mitchell,2022,64,18,41,68,27,96
663728,Cal Raleigh,2022,22,94,58,87,29,92
663728,Cal Raleigh,2023,39,95,67,71,4,27
663728,Cal Raleigh,2024,52,86,69,91,22,26
621043,Carlos Correa,2019,64,62,63,86,23,5
621043,Carlos Correa,2021,58,22,40,40,0,37
621043,Carlos Correa,2022,64,42,53,72,19,29
621043,Carlos Correa,2023,41,14,27,14,-13,25
621043,Carlos Correa,2024,42,29,36,19,-17,29
467793,Carlos Santana,2019,3,23,13,29,16,63
467793,Carlos Santana,2021,5,40,22,14,-8,45
467793,Carlos Santana,2022,3,38,21,39,18,65
467793,Carlos Santana,2023,4,30,17,6,-11,49
467793,Carlos Santana,2024,5,50,27,30,3,38
608348,Carson Kelly,2019,56,72,64,83,19,32
608348,Carson Kelly,2021,66,96,81,86,5,69
608348,Carson Kelly,2022,79,75,77,25,-52,11
608348,Carson Kelly,2024,54,64,59,46,-13,51
666198,Carter Kieboom,2021,30,32,31,52,21,52
669477,Casey Schmitt,2023,62,39,50,8,-42,19
624415,Cavan Biggio,2019,97,100,98,99,1,72
624415,Cavan Biggio,2021,90,83,87,51,-36,24
624415,Cavan Biggio,2022,93,97,95,73,-22,64
624415,Cavan Biggio,2023,95,76,86,90,4,37
624415,Cavan Biggio,2024,94,94,94,68,-26,4
678882,Ceddanne Rafaela,2024,60,48,54,77,23,9
656775,Cedric Mullins,2021,16,47,31,74,43,68
656775,Cedric Mullins,2022,31,53,42,14,-28,24
656775,Cedric Mullins,2023,17,52,34,22,-12,32
656775,Cedric Mullins,2024,16,60,38,34,-4,44
514917,César Hernández,2019,52,4,28,15,-13,22
514917,César Hernández,2021,66,46,56,36,-20,48
514917,César Hernández,2022,63,34,48,29,-19,18
640461,Chad Pinder,2019,63,13,38,37,-1,52
640461,Chad Pinder,2021,47,25,36,86,50,75
640461,Chad Pinder,2022,33,12,22,85,63,62
453568,Charlie Blackmon,2019,74,74,74,80,6,60
453568,Charlie Blackmon,2021,57,22,39,61,22,40
453568,Charlie Blackmon,2022,63,39,51,64,13,29
453568,Charlie Blackmon,2023,39,47,43,46,3,82
453568,Charlie Blackmon,2024,29,55,42,37,-5,36
518586,Charlie Culberson,2021,56,14,35,27,-8,33
676801,Chas McCormick,2021,84,97,91,96,5,77
676801,Chas McCormick,2022,91,89,90,90,0,44
676801,Chas McCormick,2023,96,95,96,96,0,57
676801,Chas McCormick,2024,95,60,78,67,-11,15
596144,Cheslor Cuthbert,2019,2,10,6,8,2,81
448801,Chris Davis,2019,92,87,90,98,8,87
621035,Chris Taylor,2019,97,72,84,73,-11,65
621035,Chris Taylor,2021,98,79,88,78,-10,19
621035,Chris Taylor,2022,98,87,92,86,-6,54
621035,Chris Taylor,2023,97,96,97,82,-15,61
621035,Chris Taylor,2024,98,18,58,83,25,79
624414,Christian Arroyo,2022,62,16,39,57,18,63
624414,Christian Arroyo,2023,74,26,50,40,-10,30
542194,Christian Bethancourt,2022,46,47,47,56,9,38
542194,Christian Bethancourt,2023,13,55,34,28,-6,32
542194,Christian Bethancourt,2024,6,32,19,8,-11,24
687952,Christian Encarnacion-Strand,2023,86,73,80,95,15,79
543877,Christian Vázquez,2019,41,78,59,63,4,85
543877,Christian Vázquez,2021,26,67,46,24,-22,61
543877,Christian Vázquez,2022,31,25,28,74,46,71
543877,Christian Vázquez,2023,25,32,28,61,33,18
543877,Christian Vázquez,2024,19,67,43,55,12,88
572233,Christian Walker,2019,59,51,55,75,20,43
572233,Christian Walker,2021,50,58,54,35,-19,53
572233,Christian Walker,2022,50,70,60,68,8,50
572233,Christian Walker,2023,50,81,65,31,-34,15
572233,Christian Walker,2024,42,78,60,56,-4,76
592885,Christian Yelich,2019,61,68,64,85,21,27
592885,Christian Yelich,2021,38,4,21,8,-13,34
592885,Christian Yelich,2022,56,2,29,18,-11,77
592885,Christian Yelich,2023,65,9,37,42,5,91
592885,Christian Yelich,2024,65,3,34,52,18,60
621514,Christin Stewart,2019,80,92,86,46,-40,44
666624,Christopher Morel,2022,20,34,27,88,61,61
666624,Christopher Morel,2023,10,68,39,82,43,48
666624,Christopher Morel,2024,8,40,24,36,12,21
682928,CJ Abrams,2022,14,32,23,6,-17,4
682928,CJ Abrams,2023,9,74,41,26,-15,43
682928,CJ Abrams,2024,17,54,35,68,33,70
641355,Cody Bellinger,2019,74,82,78,99,21,50
641355,Cody Bellinger,2021,54,97,76,33,-43,26
641355,Cody Bellinger,2022,50,86,68,78,10,51
641355,Cody Bellinger,2023,49,77,63,63,0,78
641355,Cody Bellinger,2024,53,72,63,54,-9,47
592567,Colin Moran,2019,89,29,59,69,10,37
592567,Colin Moran,2021,71,23,47,68,21,44
690993,Colt Keith,2024,53,36,45,62,17,47
681297,Colton Cowser,2024,96,83,89,82,-7,70
656582,Connor Joe,2022,66,46,56,36,-20,48
656582,Connor Joe,2023,35,28,31,40,9,49
656582,Connor Joe,2024,39,64,51,5,-46,9
681393,Connor Norby,2024,95,98,97,99,2,89
657136,Connor Wong,2023,62,58,60,32,-28,37
657136,Connor Wong,2024,58,61,60,31,-29,6
682998,Corbin Carroll,2023,7,38,23,21,-2,46
682998,Corbin Carroll,2024,0,25,13,10,-3,11
572816,Corey Dickerson,2021,29,19,24,13,-11,35
572816,Corey Dickerson,2022,15,8,12,34,22,79
667452,Corey Julks,2023,79,21,50,24,-26,85
667452,Corey Julks,2024,72,65,69,29,-40,8
608369,Corey Seager,2019,86,67,76,52,-24,7
608369,Corey Seager,2021,61,64,63,76,13,87
608369,Corey Seager,2022,77,77,77,86,9,86
608369,Corey Seager,2023,60,51,55,95,40,99
608369,Corey Seager,2024,70,79,74,92,18,98
665506,Cristian Pache,2022,9,0,5,10,5,35
665506,Cristian Pache,2024,38,54,46,24,-22,86
434158,Curtis Granderson,2019,90,90,90,68,-22,23
596129,Dan Vogelbach,2019,71,78,75,53,-22,18
596129,Dan Vogelbach,2021,65,30,47,20,-27,48
596129,Dan Vogelbach,2022,69,82,75,94,19,79
596129,Dan Vogelbach,2023,58,15,36,66,30,76
502517,Daniel Murphy,2019,80,50,65,31,-34,54
682177,Daniel Schneemann,2024,48,82,65,61,-4,67
643376,Danny Jansen,2019,23,52,38,22,-16,38
643376,Danny Jansen,2022,26,93,59,90,31,37
643376,Danny Jansen,2023,32,99,65,44,-21,7
643376,Danny Jansen,2024,15,99,57,11,-46,53
542454,Danny Santana,2019,58,44,51,92,41,77
621020,Dansby Swanson,2019,74,58,66,88,22,71
621020,Dansby Swanson,2021,75,71,73,86,13,52
621020,Dansby Swanson,2022,82,73,78,96,18,82
621020,Dansby Swanson,2023,75,57,66,85,19,64
621020,Dansby Swanson,2024,77,31,54,77,23,46
573131,Darin Ruf,2021,83,58,70,98,28,66
573131,Darin Ruf,2022,84,41,62,45,-17,20
662139,Daulton Varsho,2021,2,63,32,40,8,58
662139,Daulton Varsho,2022,4,98,51,38,-13,43
662139,Daulton Varsho,2023,9,60,35,12,-23,27
662139,Daulton Varsho,2024,49,91,70,7,-63,30
623520,David Bote,2019,25,11,18,10,-8,100
623520,David Bote,2021,3,42,22,4,-18,29
621311,David Dahl,2019,53,76,65,94,29,96
621311,David Dahl,2021,54,53,53,88,35,28
664058,David Fletcher,2019,12,14,13,73,60,98
664058,David Fletcher,2021,3,2,3,63,60,78
664058,David Fletcher,2022,4,36,20,97,77,79
681807,David Fry,2024,62,69,65,73,8,83
666152,David Hamilton,2024,58,65,61,65,4,80
444482,David Peralta,2019,29,12,21,3,-18,17
444482,David Peralta,2021,24,7,16,1,-15,51
444482,David Peralta,2022,48,66,57,48,-9,44
444482,David Peralta,2023,46,24,35,21,-14,83
444482,David Peralta,2024,31,17,24,43,19,99
676914,Davis Schneider,2024,65,99,82,83,1,68
663662,Daz Cameron,2024,56,57,57,34,-23,85
543829,Dee Strange-Gordon,2019,36,1,19,45,26,75
592261,Delino DeShields,2019,45,62,54,38,-16,13
518618,Derek Dietrich,2019,34,79,56,36,-20,26
656537,Derek Hill,2024,79,30,54,95,41,10
451594,Dexter Fowler,2019,78,86,82,75,-7,56
544369,Didi Gregorius,2019,16,73,45,9,-36,27
544369,Didi Gregorius,2021,36,54,45,6,-39,27
544369,Didi Gregorius,2022,31,49,40,34,-6,31
660636,Diego Castillo,2022,42,74,58,95,37,94
518934,DJ LeMahieu,2019,35,14,24,70,46,99
518934,DJ LeMahieu,2021,23,3,13,43,30,85
518934,DJ LeMahieu,2022,13,27,20,57,37,76
518934,DJ LeMahieu,2023,18,9,14,51,37,76
518934,DJ LeMahieu,2024,14,57,35,42,7,80
621466,DJ Stewart,2021,2,85,43,28,-15,8
621466,DJ Stewart,2024,4,82,43,14,-29,44
570267,Domingo Santana,2019,100,69,84,100,16,58
686527,Dominic Canzone,2024,80,78,79,43,-36,0
666150,Dominic Fletcher,2024,11,29,20,47,27,90
642086,Dominic Smith,2021,78,72,75,83,8,93
642086,Dominic Smith,2023,74,66,70,56,-14,31
642086,Dominic Smith,2024,61,95,78,59,-19,76
456781,Donovan Solano,2021,85,71,78,79,1,77
456781,Donovan Solano,2022,90,28,59,82,23,90
456781,Donovan Solano,2023,84,27,55,93,38,100
456781,Donovan Solano,2024,90,44,67,82,15,89
671221,Drew Waters,2023,98,88,93,88,-5,78
596105,Dwight Smith,2019,11,25,18,3,-15,14
666185,Dylan Carlson,2021,95,74,84,85,1,50
666185,Dylan Carlson,2022,97,88,92,36,-56,8
666185,Dylan Carlson,2023,96,19,57,41,-16,20
666185,Dylan Carlson,2024,95,61,78,22,-56,18
664238,Dylan Moore,2021,78,84,81,34,-47,1
664238,Dylan Moore,2024,57,87,72,31,-41,68
592696,Eddie Rosario,2019,15,96,55,53,-2,49
592696,Eddie Rosario,2021,25,86,56,56,0,36
592696,Eddie Rosario,2022,21,97,59,27,-32,55
592696,Eddie Rosario,2023,31,69,50,78,28,70
592696,Eddie Rosario,2024,23,83,53,18,-35,33
624641,Edmundo Sosa,2021,80,10,45,24,-21,8
624641,Edmundo Sosa,2023,75,38,57,49,-8,57
624641,Edmundo Sosa,2024,60,9,34,23,-11,36
666397,Edouard Julien,2023,98,31,65,99,34,94
666397,Edouard Julien,2024,99,94,96,80,-16,99
500871,Eduardo Escobar,2019,64,100,82,71,-11,96
500871,Eduardo Escobar,2021,52,89,71,65,-6,44
500871,Eduardo Escobar,2022,62,90,76,78,2,98
500871,Eduardo Escobar,2023,52,79,66,17,-49,14
658668,Edward Olivares,2023,8,23,15,49,34,23
658668,Edward Olivares,2024,23,4,14,40,26,31
429665,Edwin Encarnación,2019,44,79,62,55,-7,15
660707,Elehuris Montero,2023,92,65,79,13,-66,5
660707,Elehuris Montero,2024,75,58,67,0,-67,3
553869,Elías Díaz,2019,10,8,9,0,-9,3
553869,Elías Díaz,2021,21,47,34,16,-18,23
553869,Elías Díaz,2022,35,49,42,4,-38,34
553869,Elías Díaz,2023,38,4,21,12,-9,74
553869,Elías Díaz,2024,21,1,11,4,-7,34
682829,Elly De La Cruz,2023,78,5,42,6,-36,38
682829,Elly De La Cruz,2024,75,29,52,60,8,93
650391,Eloy Jiménez,2019,25,49,37,64,27,68
650391,Eloy Jiménez,2021,30,24,27,44,17,78
650391,Eloy Jiménez,2022,27,51,39,69,30,97
650391,Eloy Jiménez,2023,6,8,7,2,-5,24
650391,Eloy Jiménez,2024,9,1,5,2,-3,58
462101,Elvis Andrus,2019,42,11,27,26,-1,74
462101,Elvis Andrus,2021,31,18,25,42,17,25
462101,Elvis Andrus,2022,25,21,23,22,-1,54
462101,Elvis Andrus,2023,24,12,18,3,-15,56
656896,Emmanuel Rivera,2022,78,54,66,60,-6,30
656896,Emmanuel Rivera,2023,79,59,69,39,-30,66
656896,Emmanuel Rivera,2024,63,16,40,66,26,99
665839,Enmanuel Valdez,2024,28,88,58,57,-1,79
571771,Enrique Hernández,2019,34,59,47,12,-35,51
571771,Enrique Hernández,2021,18,78,48,59,11,68
571771,Enrique Hernández,2022,17,44,31,8,-23,35
571771,Enrique Hernández,2023,13,66,39,9,-30,53
571771,Enrique Hernández,2024,20,58,39,13,-26,96
606992,Eric Haase,2021,42,88,65,69,4,49
606992,Eric Haase,2022,28,30,29,62,33,64
606992,Eric Haase,2023,13,22,18,19,1,28
543333,Eric Hosmer,2019,12,3,7,18,11,81
543333,Eric Hosmer,2021,13,1,7,12,5,58
543333,Eric Hosmer,2022,3,1,2,4,2,78
519299,Eric Sogard,2019,37,36,36,78,42,48
519346,Eric Thames,2019,72,95,83,83,0,18
570481,Erik González,2021,25,1,13,7,-6,90
676391,Ernie Clement,2024,77,85,81,44,-37,22
665923,Esteury Ruiz,2023,76,40,58,18,-40,6
553993,Eugenio Suárez,2019,91,78,84,92,8,58
553993,Eugenio Suárez,2021,93,81,87,72,-15,32
553993,Eugenio Suárez,2022,91,95,93,96,3,90
553993,Eugenio Suárez,2023,93,91,92,86,-6,71
553993,Eugenio Suárez,2024,96,95,95,87,-8,56
694497,Evan Carter,2024,13,68,40,19,-21,22
446334,Evan Longoria,2019,82,77,79,87,8,86
446334,Evan Longoria,2021,71,46,59,91,32,91
446334,Evan Longoria,2022,83,90,87,91,4,21
677649,Ezequiel Duran,2022,3,1,2,2,0,1
677649,Ezequiel Duran,2023,19,35,27,38,11,55
677649,Ezequiel Duran,2024,10,30,20,1,-19,5
678662,Ezequiel Tovar,2023,91,49,70,60,-10,72
678662,Ezequiel Tovar,2024,85,86,86,87,1,41
665487,Fernando Tatís,2019,32,66,49,68,19,14
665487,Fernando Tatís,2021,49,60,55,94,39,33
665487,Fernando Tatís,2023,43,25,34,75,41,75
665487,Fernando Tatís,2024,50,21,35,85,50,82
614173,Franchy Cordero,2022,96,63,79,45,-34,30
682626,Francisco Álvarez,2023,32,90,61,6,-55,11
682626,Francisco Álvarez,2024,10,3,6,4,-2,47
596019,Francisco Lindor,2019,16,34,25,6,-19,42
596019,Francisco Lindor,2021,38,48,43,45,2,28
596019,Francisco Lindor,2022,16,59,37,63,26,28
596019,Francisco Lindor,2023,46,86,66,48,-18,54
596019,Francisco Lindor,2024,66,79,72,95,23,62
642336,Francisco Mejía,2021,21,20,20,26,6,19
642336,Francisco Mejía,2022,16,37,27,49,22,85
643524,Frank Schwindel,2021,8,52,30,27,-3,18
643524,Frank Schwindel,2022,10,48,29,34,5,43
614177,Franmil Reyes,2019,33,67,50,85,35,10
614177,Franmil Reyes,2021,31,37,34,94,60,46
614177,Franmil Reyes,2022,18,53,36,31,-5,45
518692,Freddie Freeman,2019,99,75,87,94,7,46
518692,Freddie Freeman,2021,100,55,77,96,19,45
518692,Freddie Freeman,2022,99,70,85,98,13,87
518692,Freddie Freeman,2023,100,71,85,99,14,86
518692,Freddie Freeman,2024,100,75,87,67,-20,61
666023,Freddy Fermin,2023,94,24,59,95,36,26
666023,Freddy Fermin,2024,74,9,41,25,-16,12
520471,Freddy Galvis,2019,26,55,41,65,24,64
520471,Freddy Galvis,2021,27,72,49,49,0,5
672356,Gabriel Arias,2023,30,43,37,55,18,14
672356,Gabriel Arias,2024,34,12,23,17,-6,10
672515,Gabriel Moreno,2023,83,7,45,38,-7,81
672515,Gabriel Moreno,2024,65,17,41,14,-27,73
643265,Garrett Cooper,2019,98,5,51,67,16,49
643265,Garrett Cooper,2021,99,4,52,89,37,92
643265,Garrett Cooper,2022,100,59,80,87,7,63
643265,Garrett Cooper,2023,99,80,89,70,-19,79
641658,Garrett Hampson,2019,29,16,23,19,-4,4
641658,Garrett Hampson,2021,42,79,61,64,3,43
641658,Garrett Hampson,2023,72,45,59,60,1,40
641658,Garrett Hampson,2024,63,83,73,28,-45,2
669003,Garrett Mitchell,2024,53,5,29,71,42,16
596117,Garrett Stubbs,2024,15,99,57,93,36,53
596142,Gary Sánchez,2019,22,98,60,58,-2,12
596142,Gary Sánchez,2021,44,64,54,51,-3,71
596142,Gary Sánchez,2022,35,64,50,49,-1,41
596142,Gary Sánchez,2023,19,77,48,58,10,67
596142,Gary Sánchez,2024,28,81,55,10,-45,83
666158,Gavin Lux,2021,63,18,41,28,-13,84
666158,Gavin Lux,2022,77,22,50,66,16,30
666158,Gavin Lux,2024,55,19,37,76,39,72
657757,Gavin Sheets,2022,20,56,38,16,-22,71
657757,Gavin Sheets,2023,40,81,60,3,-57,15
657757,Gavin Sheets,2024,17,48,32,47,15,57
543807,George Springer,2019,43,60,51,77,26,39
543807,George Springer,2021,41,88,64,49,-15,70
543807,George Springer,2022,52,23,37,17,-20,56
543807,George Springer,2023,44,31,38,20,-18,82
543807,George Springer,2024,61,22,41,20,-21,23
672695,Geraldo Perdomo,2022,67,8,37,43,6,1
672695,Geraldo Perdomo,2023,86,64,75,35,-40,1
672695,Geraldo Perdomo,2024,79,33,56,15,-41,5
467827,Gerardo Parra,2019,73,41,57,82,25,38
519317,Giancarlo Stanton,2021,11,28,19,2,-17,57
519317,Giancarlo Stanton,2022,8,14,11,14,3,76
519317,Giancarlo Stanton,2023,15,84,49,1,-48,16
519317,Giancarlo Stanton,2024,12,49,30,40,10,28
665482,Gilberto Celestino,2022,34,5,19,11,-8,17
570482,Gio Urshela,2019,77,63,70,66,-4,83
570482,Gio Urshela,2021,64,24,44,73,29,74
570482,Gio Urshela,2022,59,53,56,75,19,93
570482,Gio Urshela,2023,83,17,50,54,4,84
570482,Gio Urshela,2024,72,20,46,69,23,91
650402,Gleyber Torres,2019,76,88,82,78,-4,61
650402,Gleyber Torres,2021,79,66,72,59,-13,36
650402,Gleyber Torres,2022,61,68,64,76,12,72
650402,Gleyber Torres,2023,72,76,74,64,-10,77
650402,Gleyber Torres,2024,72,85,79,45,-34,57
594824,Greg Garcia,2019,88,2,45,14,-31,30
570256,Gregory Polanco,2021,32,62,47,32,-15,6
628338,Guillermo Heredia,2021,53,55,54,23,-31,32
683002,Gunnar Henderson,2023,69,29,49,60,11,76
683002,Gunnar Henderson,2024,40,17,28,80,52,92
673490,Ha-Seong Kim,2021,0,19,10,3,-7,39
673490,Ha-Seong Kim,2022,7,37,22,34,12,66
673490,Ha-Seong Kim,2023,5,52,29,43,14,72
673490,Ha-Seong Kim,2024,8,43,26,28,2,54
593643,Hanser Alberto,2019,84,42,63,62,-1,41
593643,Hanser Alberto,2021,56,25,40,39,-1,7
605612,Harold Castro,2019,94,3,49,76,27,93
605612,Harold Castro,2021,99,41,70,94,24,78
605612,Harold Castro,2022,99,57,78,92,14,73
605612,Harold Castro,2023,99,41,70,85,15,38
623912,Harold Ramírez,2019,69,4,37,5,-32,63
623912,Harold Ramírez,2021,48,11,29,0,-29,40
623912,Harold Ramírez,2022,38,10,24,5,-19,55
623912,Harold Ramírez,2023,58,5,32,14,-18,50
623912,Harold Ramírez,2024,79,6,43,6,-37,56
664056,Harrison Bader,2019,15,96,55,15,-40,12
664056,Harrison Bader,2021,15,75,45,11,-34,17
664056,Harrison Bader,2022,8,53,31,8,-23,29
664056,Harrison Bader,2023,5,85,45,12,-33,54
664056,Harrison Bader,2024,5,26,15,31,16,88
671218,Heliot Ramos,2024,65,40,52,86,34,26
680779,Henry Davis,2023,14,19,17,7,-10,53
435062,Howie Kendrick,2019,75,20,48,91,43,86
641531,Hunter Dozier,2019,42,61,52,40,-12,65
641531,Hunter Dozier,2021,24,65,44,19,-25,89
641531,Hunter Dozier,2022,35,57,46,47,1,33
696100,Hunter Goodman,2024,2,93,48,15,-33,76
452254,Hunter Pence,2019,1,45,23,32,9,92
592669,Hunter Renfroe,2019,18,91,54,33,-21,52
592669,Hunter Renfroe,2021,2,54,28,53,25,27
592669,Hunter Renfroe,2022,1,61,31,45,14,86
592669,Hunter Renfroe,2023,8,50,29,2,-27,27
592669,Hunter Renfroe,2024,6,43,25,2,-23,23
435622,Ian Desmond,2019,40,12,26,33,7,29
664023,Ian Happ,2021,54,66,60,48,-12,20
664023,Ian Happ,2022,69,52,60,29,-31,40
664023,Ian Happ,2023,56,46,51,61,10,36
664023,Ian Happ,2024,73,69,71,78,7,40
545121,Ildemaro Vargas,2022,12,65,39,3,-36,19
545121,Ildemaro Vargas,2023,2,11,7,8,1,69
545121,Ildemaro Vargas,2024,6,13,9,10,1,65
670623,Isaac Paredes,2022,21,55,38,14,-24,33
670623,Isaac Paredes,2023,50,69,59,64,5,51
670623,Isaac Paredes,2024,67,86,77,29,-48,32
656371,Isan Díaz,2021,5,32,18,22,4,34
643396,Isiah Kiner-Falefa,2021,52,5,29,36,7,74
643396,Isiah Kiner-Falefa,2022,52,3,28,42,14,62
643396,Isiah Kiner-Falefa,2023,42,4,23,24,1,83
643396,Isiah Kiner-Falefa,2024,32,22,27,41,14,35
671056,Iván Herrera,2024,75,39,57,91,34,97
605204,J. D. Davis,2019,88,18,53,93,40,88
605204,J. D. Davis,2022,89,43,66,98,32,73
605204,J. D. Davis,2023,82,27,55,74,19,89
605204,J. D. Davis,2024,62,14,38,3,-35,19
502110,J. D. Martinez,2019,96,40,68,98,30,93
502110,J. D. Martinez,2021,89,66,77,97,20,84
502110,J. D. Martinez,2022,97,84,91,94,3,73
502110,J. D. Martinez,2023,95,83,89,100,11,93
502110,J. D. Martinez,2024,98,57,77,99,22,65
641487,J. P. Crawford,2019,28,17,23,14,-9,44
641487,J. P. Crawford,2021,22,3,12,18,6,73
641487,J. P. Crawford,2022,38,11,25,14,-11,6
641487,J. P. Crawford,2023,50,20,35,36,1,80
641487,J. P. Crawford,2024,88,35,61,45,-16,37
592663,J. T. Realmuto,2019,68,54,61,34,-27,64
592663,J. T. Realmuto,2021,59,42,50,41,-9,71
592663,J. T. Realmuto,2022,85,33,59,85,26,78
592663,J. T. Realmuto,2023,80,61,70,76,6,39
592663,J. T. Realmuto,2024,84,40,62,92,30,43
607054,Jace Peterson,2021,50,69,60,55,-5,41
607054,Jace Peterson,2022,48,67,57,76,19,62
607054,Jace Peterson,2023,49,90,70,36,-34,34
608686,Jack Mayfield,2021,31,92,61,8,-53,0
669261,Jack Suwinski,2022,70,89,79,50,-29,4
669261,Jack Suwinski,2023,69,98,84,87,3,20
669261,Jack Suwinski,2024,60,23,42,13,-29,58
598265,Jackie Bradley,2019,18,62,40,54,14,43
598265,Jackie Bradley,2021,9,13,11,23,12,37
598265,Jackie Bradley,2022,4,23,14,39,25,21
694192,Jackson Chourio,2024,12,15,13,63,50,75
702616,Jackson Holliday,2024,41,49,45,35,-10,98
701538,Jackson Merrill,2024,92,87,89,94,5,85
607732,Jacob Stallings,2021,69,43,56,78,22,85
607732,Jacob Stallings,2022,59,41,50,63,13,28
607732,Jacob Stallings,2023,64,54,59,31,-28,19
607732,Jacob Stallings,2024,58,61,60,88,28,69
696285,Jacob Young,2024,33,9,21,64,43,12
592444,JaCoby Jones,2019,26,48,37,34,-3,64
641343,Jake Bauers,2019,44,63,53,22,-31,25
641343,Jake Bauers,2021,59,73,66,25,-41,16
641343,Jake Bauers,2023,83,97,90,98,8,4
641343,Jake Bauers,2024,89,94,92,89,-3,68
669394,Jake Burger,2023,4,30,17,37,20,51
669394,Jake Burger,2024,2,38,20,40,20,88
595909,Jake Cave,2024,83,56,70,81,11,51
630105,Jake Cronenworth,2021,42,44,43,51,8,51
630105,Jake Cronenworth,2022,63,83,73,35,-38,44
630105,Jake Cronenworth,2023,46,56,51,32,-19,68
630105,Jake Cronenworth,2024,64,36,50,49,-1,80
641584,Jake Fraley,2022,92,89,91,76,-15,59
641584,Jake Fraley,2023,91,53,72,38,-34,70
641584,Jake Fraley,2024,82,39,61,21,-40,20
545350,Jake Marisnick,2019,90,52,71,2,-69,0
664983,Jake McCarthy,2022,49,16,33,25,-8,27
664983,Jake McCarthy,2023,68,13,40,49,9,15
664983,Jake McCarthy,2024,64,11,38,72,34,7
676694,Jake Meyers,2023,62,70,66,40,-26,9
676694,Jake Meyers,2024,67,54,60,51,-9,72
668670,Jake Rogers,2023,29,85,57,100,43,53
668670,Jake Rogers,2024,33,80,57,94,37,85
543510,James McCann,2019,87,10,48,84,36,59
543510,James McCann,2021,89,15,52,48,-4,44
543510,James McCann,2023,82,84,83,77,-6,87
543510,James McCann,2024,93,57,75,74,-1,26
681546,James Outman,2023,70,80,75,79,4,15
695578,James Wood,2024,97,32,65,80,15,28
669707,Jared Triolo,2024,97,75,86,45,-41,17
665120,Jared Walsh,2021,17,9,13,38,25,47
665120,Jared Walsh,2022,17,27,22,53,31,64
672284,Jarred Kelenic,2021,28,88,58,64,6,63
672284,Jarred Kelenic,2023,53,35,44,91,47,99
672284,Jarred Kelenic,2024,43,74,58,88,30,81
680776,Jarren Duran,2023,34,28,31,16,-15,80
680776,Jarren Duran,2024,17,19,18,48,30,84
502481,Jarrod Dyson,2019,6,12,9,5,-4,25
518792,Jason Heyward,2019,6,15,10,10,0,97
518792,Jason Heyward,2021,6,8,7,4,-3,15
518792,Jason Heyward,2023,27,34,30,22,-8,35
518792,Jason Heyward,2024,14,10,12,11,-1,77
543401,Jason Kipnis,2019,19,68,44,41,-3,70
595879,Javier Báez,2019,37,40,38,57,19,99
595879,Javier Báez,2021,29,38,33,87,54,57
595879,Javier Báez,2022,25,43,34,19,-15,83
595879,Javier Báez,2023,21,27,24,2,-22,79
595879,Javier Báez,2024,29,62,46,1,-45,71
457803,Jay Bruce,2019,85,99,92,89,-3,10
665862,Jazz Chisholm,2021,64,38,51,39,-12,12
665862,Jazz Chisholm,2022,74,91,82,99,17,5
665862,Jazz Chisholm,2023,66,74,70,55,-15,7
665862,Jazz Chisholm,2024,68,24,46,75,29,39
516416,Jean Segura,2019,27,9,18,5,-13,62
516416,Jean Segura,2021,21,16,18,6,-12,58
516416,Jean Segura,2022,47,2,25,7,-18,19
516416,Jean Segura,2023,3,0,2,0,-2,10
476704,Jed Lowrie,2021,52,67,59,89,30,96
643446,Jeff McNeil,2019,78,53,65,70,5,75
643446,Jeff McNeil,2021,73,32,52,42,-10,42
643446,Jeff McNeil,2022,77,45,61,83,22,96
643446,Jeff McNeil,2023,44,34,39,29,-10,41
643446,Jeff McNeil,2024,49,66,57,31,-26,18
600869,Jeimer Candelario,2019,66,41,53,4,-49,37
600869,Jeimer Candelario,2021,68,58,63,80,17,79
600869,Jeimer Candelario,2022,56,65,61,49,-12,35
600869,Jeimer Candelario,2023,72,78,75,28,-47,45
600869,Jeimer Candelario,2024,63,77,70,47,-23,37
665161,Jeremy Peña,2022,48,49,49,43,-6,32
665161,Jeremy Peña,2023,65,9,37,15,-22,59
665161,Jeremy Peña,2024,27,12,20,32,12,20
608385,Jesse Winker,2019,45,23,34,56,22,89
608385,Jesse Winker,2021,17,39,28,78,50,88
608385,Jesse Winker,2022,23,24,23,59,36,34
608385,Jesse Winker,2024,69,27,48,58,10,32
542583,Jesús Aguilar,2019,86,48,67,43,-24,17
542583,Jesús Aguilar,2021,84,82,83,65,-18,50
542583,Jesús Aguilar,2022,79,85,82,82,0,75
660821,Jesús Sánchez,2022,37,40,39,5,-34,16
660821,Jesús Sánchez,2023,39,12,25,51,26,34
660821,Jesús Sánchez,2024,23,18,20,38,18,91
678877,Jhonkensy Noel,2024,34,95,64,56,-8,3
678225,Ji Hwan Bae,2023,38,4,21,2,-19,34
596847,Ji Man Choi,2019,38,48,43,72,29,95
596847,Ji Man Choi,2021,37,46,42,89,47,91
596847,Ji Man Choi,2022,39,7,23,97,74,90
668709,JJ Bleday,2023,70,87,79,17,-62,21
668709,JJ Bleday,2024,25,70,48,41,-7,69
666176,Jo Adell,2022,71,54,62,17,-45,34
666176,Jo Adell,2024,64,90,77,16,-61,4
592626,Joc Pederson,2019,7,56,32,16,-16,55
592626,Joc Pederson,2021,12,83,48,52,4,32
592626,Joc Pederson,2022,16,73,45,87,42,49
592626,Joc Pederson,2023,18,34,26,43,17,78
592626,Joc Pederson,2024,43,41,42,85,43,45
605412,Joe Panik,2019,39,30,35,34,-1,69
605412,Joe Panik,2021,28,16,22,26,4,2
663698,Joey Bart,2024,80,36,58,52,-6,53
608336,Joey Gallo,2021,53,80,67,80,13,4
608336,Joey Gallo,2022,72,100,86,61,-25,9
608336,Joey Gallo,2024,45,95,70,87,17,42
694388,Joey Loperfido,2024,91,32,62,73,11,32
608841,Joey Meneses,2022,91,38,64,75,11,94
608841,Joey Meneses,2023,67,3,35,13,-22,50
608841,Joey Meneses,2024,59,68,64,6,-58,61
687401,Joey Ortiz,2024,7,14,11,9,-2,22
458015,Joey Votto,2019,99,92,95,75,-20,66
458015,Joey Votto,2021,93,91,92,100,8,89
458015,Joey Votto,2022,88,55,71,74,3,66
621563,Joey Wendle,2021,16,29,23,41,18,77
621563,Joey Wendle,2022,18,18,18,11,-7,32
621563,Joey Wendle,2023,11,13,12,41,29,93
686894,Joey Wiemer,2023,6,93,49,12,-37,43
679032,Johan Rojas,2024,1,10,5,3,-2,9
543308,John Hicks,2019,40,64,52,4,-48,6
542932,Jon Berti,2021,26,11,18,14,-4,81
542932,Jon Berti,2022,24,35,29,21,-8,61
542932,Jon Berti,2023,24,32,28,40,12,39
572138,Jon Singleton,2024,27,56,41,39,-2,54
681146,Jonah Bride,2024,18,13,15,53,38,2
641680,Jonah Heim,2021,10,28,19,23,4,35
641680,Jonah Heim,2022,16,51,33,17,-16,37
641680,Jonah Heim,2023,20,55,37,74,37,95
641680,Jonah Heim,2024,13,52,32,17,-15,50
663697,Jonathan India,2021,56,59,57,61,4,79
663697,Jonathan India,2022,36,51,44,26,-18,56
663697,Jonathan India,2023,35,51,43,53,10,90
663697,Jonathan India,2024,40,45,42,68,26,82
518960,Jonathan Lucroy,2019,55,26,41,16,-25,71
570731,Jonathan Schoop,2019,21,49,35,11,-24,19
570731,Jonathan Schoop,2021,16,7,12,5,-7,26
570731,Jonathan Schoop,2022,23,30,26,3,-23,20
542340,Jonathan Villar,2019,18,33,26,14,-12,16
542340,Jonathan Villar,2021,13,12,13,19,6,6
676356,Jonny DeLuca,2024,7,65,36,26,-10,18
687597,Jordan Beck,2024,57,39,48,67,19,83
672478,Jordan Diaz,2023,7,18,12,3,-9,64
691023,Jordan Walker,2023,84,20,52,8,-44,67
691023,Jordan Walker,2024,51,46,49,2,-47,23
676059,Jordan Westburg,2023,38,44,41,32,-9,69
676059,Jordan Westburg,2024,32,26,29,86,57,98
595751,Jorge Alfaro,2019,86,27,57,40,-17,60
595751,Jorge Alfaro,2021,62,3,32,6,-26,36
595751,Jorge Alfaro,2022,96,25,60,40,-20,52
622761,Jorge Mateo,2022,76,85,81,15,-66,14
622761,Jorge Mateo,2023,47,48,47,4,-43,17
622761,Jorge Mateo,2024,37,49,43,6,-37,3
593871,Jorge Polanco,2019,88,93,90,63,-27,30
593871,Jorge Polanco,2021,80,86,83,75,-8,17
593871,Jorge Polanco,2022,87,96,92,81,-11,74
593871,Jorge Polanco,2023,88,99,93,78,-15,60
593871,Jorge Polanco,2024,92,81,86,80,-6,35
624585,Jorge Soler,2019,51,66,58,88,30,67
624585,Jorge Soler,2021,46,51,49,36,-13,54
624585,Jorge Soler,2022,67,79,73,24,-49,8
624585,Jorge Soler,2023,61,78,70,66,-4,89
624585,Jorge Soler,2024,52,41,46,42,-4,54
547989,José Abreu,2019,72,19,45,54,9,69
547989,José Abreu,2021,78,34,56,35,-21,45
547989,José Abreu,2022,58,20,39,67,28,84
547989,José Abreu,2023,61,22,41,20,-21,24
514888,José Altuve,2019,28,43,35,48,13,4
514888,José Altuve,2021,19,78,48,42,-6,27
514888,José Altuve,2022,41,65,53,78,25,85
514888,José Altuve,2023,38,18,28,52,24,30
514888,José Altuve,2024,36,37,36,73,37,95
640492,José Azocar,2022,95,32,64,21,-43,49
676609,José Caballero,2023,71,94,82,24,-58,9
676609,José Caballero,2024,56,52,54,46,-8,19
578428,Jose Iglesias,2019,56,7,31,31,0,61
578428,Jose Iglesias,2021,65,31,48,33,-15,25
578428,Jose Iglesias,2022,65,1,33,13,-20,57
578428,Jose Iglesias,2024,41,1,21,40,19,84
500874,José Martínez,2019,70,27,49,55,6,93
669304,José Miranda,2022,11,54,32,62,30,56
669304,José Miranda,2024,5,19,12,25,13,74
606299,José Peraza,2019,70,36,53,20,-33,62
608070,José Ramírez,2019,30,83,56,36,-20,67
608070,José Ramírez,2021,14,61,37,52,15,43
608070,José Ramírez,2022,20,58,39,15,-24,36
608070,José Ramírez,2023,30,49,40,43,3,84
608070,José Ramírez,2024,32,68,50,33,-17,62
642350,José Siri,2022,68,52,60,6,-54,24
642350,José Siri,2023,57,92,74,83,9,49
642350,José Siri,2024,56,93,74,96,22,57
677588,José Tena,2024,87,15,51,70,19,1
624431,Jose Trevino,2021,1,26,14,41,27,87
624431,Jose Trevino,2022,2,50,26,26,0,20
624431,Jose Trevino,2024,2,56,29,8,-21,13
605137,Josh Bell,2019,44,40,42,50,8,68
605137,Josh Bell,2021,38,6,22,35,13,97
605137,Josh Bell,2022,60,6,33,30,-3,54
605137,Josh Bell,2023,67,62,65,47,-18,44
605137,Josh Bell,2024,81,21,51,20,-31,59
518626,Josh Donaldson,2019,14,29,21,76,55,33
518626,Josh Donaldson,2021,4,14,9,74,65,87
518626,Josh Donaldson,2022,5,36,21,38,17,75
543281,Josh Harrison,2021,50,35,42,75,33,100
543281,Josh Harrison,2022,65,55,60,53,-7,91
673962,Josh Jung,2023,87,43,65,98,33,94
673962,Josh Jung,2024,90,90,90,93,3,32
666139,Josh Lowe,2023,77,37,57,83,26,42
666139,Josh Lowe,2024,85,44,65,84,19,55
647304,Josh Naylor,2021,23,17,20,10,-10,49
647304,Josh Naylor,2022,27,10,18,23,5,45
647304,Josh Naylor,2023,43,62,53,43,-10,62
647304,Josh Naylor,2024,24,42,33,22,-11,46
572033,Josh Phegley,2019,41,86,64,39,-25,78
502210,Josh Reddick,2019,36,39,38,25,-13,77
668942,Josh Rojas,2021,86,44,65,82,17,94
668942,Josh Rojas,2022,67,50,58,68,10,39
668942,Josh Rojas,2023,58,33,46,72,26,40
668942,Josh Rojas,2024,71,79,75,74,-1,75
669701,Josh Smith,2022,81,63,72,48,-24,4
669701,Josh Smith,2024,92,41,67,49,-18,5
642165,Josh VanMeter,2021,68,92,80,23,-57,34
658069,Joshua Fuentes,2021,35,64,50,3,-47,24
641943,Joshua Palacios,2023,26,14,20,54,34,52
501571,Juan Lagares,2021,11,30,21,5,-16,54
665742,Juan Soto,2019,24,85,54,89,35,85
665742,Juan Soto,2021,2,9,6,56,50,84
665742,Juan Soto,2022,2,49,26,50,24,18
665742,Juan Soto,2023,5,24,14,55,41,45
665742,Juan Soto,2024,8,53,30,98,68,78
660766,Juan Yepez,2022,62,94,78,23,-55,12
660766,Juan Yepez,2024,49,7,28,7,-21,73
677594,Julio Rodríguez,2022,39,27,33,36,3,53
677594,Julio Rodríguez,2023,61,36,49,25,-24,48
677594,Julio Rodríguez,2024,73,34,53,66,13,49
808982,Jung Hoo Lee,2024,87,44,65,17,-48,27
691406,Junior Caminero,2024,3,27,15,1,-14,0
595777,Jurickson Profar,2019,30,63,46,27,-19,12
595777,Jurickson Profar,2021,28,13,20,20,0,9
595777,Jurickson Profar,2022,33,23,28,43,15,62
595777,Jurickson Profar,2023,37,29,33,42,9,37
595777,Jurickson Profar,2024,44,22,33,55,22,44
475253,Justin Smoak,2019,58,85,71,82,11,48
457759,Justin Turner,2019,85,81,83,90,7,86
457759,Justin Turner,2021,92,63,77,83,6,81
457759,Justin Turner,2022,86,88,87,89,2,86
457759,Justin Turner,2023,77,91,84,84,0,68
457759,Justin Turner,2024,80,92,86,88,2,75
457708,Justin Upton,2021,39,42,40,60,20,11
669234,Justyn-Henry Malloy,2024,97,100,98,76,-22,71
663647,Ke'Bryan Hayes,2021,11,8,10,11,1,81
663647,Ke'Bryan Hayes,2022,12,16,14,7,-7,58
663647,Ke'Bryan Hayes,2023,23,23,23,30,7,91
663647,Ke'Bryan Hayes,2024,7,6,6,6,0,39
660688,Keibert Ruiz,2021,97,15,56,38,-18,46
660688,Keibert Ruiz,2022,62,48,55,74,19,97
660688,Keibert Ruiz,2023,48,53,51,62,11,33
660688,Keibert Ruiz,2024,46,67,56,37,-19,34
642721,Kelvin Gutiérrez,2021,20,2,11,1,-10,66
681481,Kerry Carpenter,2023,65,58,62,94,32,76
681481,Kerry Carpenter,2024,64,82,73,100,27,86
669374,Keston Hiura,2019,89,56,72,95,23,47
606466,Ketel Marte,2019,60,29,44,22,-22,32
606466,Ketel Marte,2021,48,10,29,28,-1,55
606466,Ketel Marte,2022,32,21,26,2,-24,64
606466,Ketel Marte,2023,45,22,34,4,-30,22
606466,Ketel Marte,2024,45,29,37,64,27,87
595281,Kevin Kiermaier,2019,7,5,6,3,-3,47
595281,Kevin Kiermaier,2021,7,14,11,21,10,65
595281,Kevin Kiermaier,2023,19,1,10,35,25,91
595281,Kevin Kiermaier,2024,25,4,14,18,4,8
621028,Kevin Newman,2019,53,7,30,35,5,83
621028,Kevin Newman,2021,29,44,36,9,-27,10
621028,Kevin Newman,2022,61,11,36,39,3,60
621028,Kevin Newman,2023,64,42,53,57,4,87
621028,Kevin Newman,2024,59,8,33,59,26,25
607680,Kevin Pillar,2019,38,17,28,7,-21,40
607680,Kevin Pillar,2021,64,93,79,16,-63,38
607680,Kevin Pillar,2023,73,80,76,71,-5,25
607680,Kevin Pillar,2024,69,89,79,30,-49,11
501981,Khris Davis,2019,59,77,68,69,1,60
594777,Kole Calhoun,2019,58,92,75,86,11,53
594777,Kole Calhoun,2022,33,56,45,93,48,84
543939,Kolten Wong,2019,22,34,28,12,-16,11
543939,Kolten Wong,2021,35,57,46,46,0,89
543939,Kolten Wong,2022,32,59,46,37,-9,38
543939,Kolten Wong,2023,49,61,55,39,-16,29
686676,Korey Lee,2024,31,26,28,26,-2,26
592178,Kris Bryant,2019,93,90,92,58,-34,30
592178,Kris Bryant,2021,96,76,86,82,-4,26
592178,Kris Bryant,2023,90,93,92,67,-25,21
435559,Kurt Suzuki,2019,51,65,58,60,2,20
435559,Kurt Suzuki,2021,36,45,41,17,-24,34
571657,Kyle Farmer,2021,74,62,68,56,-12,69
571657,Kyle Farmer,2022,64,40,52,81,29,94
571657,Kyle Farmer,2023,54,40,47,92,45,47
571657,Kyle Farmer,2024,55,89,72,44,-28,100
543309,Kyle Higashioka,2022,26,89,57,71,14,37
543309,Kyle Higashioka,2023,60,57,59,86,27,85
543309,Kyle Higashioka,2024,60,96,78,92,14,65
664728,Kyle Isbel,2022,0,19,10,17,7,41
664728,Kyle Isbel,2023,1,45,23,15,-8,79
664728,Kyle Isbel,2024,2,12,7,9,2,50
700932,Kyle Manzardo,2024,79,97,88,14,-74,96
656941,Kyle Schwarber,2019,36,84,60,66,6,71
656941,Kyle Schwarber,2021,53,73,63,93,30,80
656941,Kyle Schwarber,2022,33,92,62,96,34,47
656941,Kyle Schwarber,2023,16,93,55,65,10,46
656941,Kyle Schwarber,2024,15,47,31,89,58,63
572122,Kyle Seager,2019,91,97,94,91,-3,53
572122,Kyle Seager,2021,67,98,83,69,-14,10
669065,Kyle Stowers,2024,89,5,47,83,36,56
663656,Kyle Tucker,2021,92,67,80,97,17,76
663656,Kyle Tucker,2022,95,88,92,82,-10,42
663656,Kyle Tucker,2023,94,75,85,85,0,37
663656,Kyle Tucker,2024,87,96,91,98,7,79
664774,LaMonte Wade,2021,59,79,69,88,19,33
664774,LaMonte Wade,2022,82,78,80,54,-26,5
664774,LaMonte Wade,2023,59,48,54,70,16,8
664774,LaMonte Wade,2024,50,46,48,71,23,97
657041,Lane Thomas,2021,20,37,28,25,-3,56
657041,Lane Thomas,2022,28,45,36,25,-11,11
657041,Lane Thomas,2023,17,39,28,61,33,56
657041,Lane Thomas,2024,21,21,21,50,29,28
663457,Lars Nootbaar,2022,14,54,34,18,-16,39
663457,Lars Nootbaar,2023,20,45,32,36,4,43
663457,Lars Nootbaar,2024,24,15,20,63,43,60
671732,Lawrence Butler,2024,31,60,45,71,26,85
672820,Lenyn Sosa,2024,63,28,45,89,44,72
677870,Leo Jimenez,2024,84,76,80,94,14,42
665750,Leody Taveras,2022,47,42,45,9,-36,13
665750,Leody Taveras,2023,43,29,36,31,-5,62
665750,Leody Taveras,2024,52,37,45,23,-22,17
544725,Leury García,2019,62,3,32,20,-12,73
544725,Leury García,2021,81,18,49,24,-25,22
544725,Leury García,2022,66,35,50,18,-32,21
621446,Lewis Brinson,2021,18,32,25,7,-18,14
523253,Logan Forsythe,2019,63,73,68,78,10,97
681351,Logan O'Hoppe,2024,70,73,72,96,24,66
456715,Lorenzo Cain,2019,87,4,46,18,-28,35
456715,Lorenzo Cain,2021,77,48,63,7,-56,2
666971,Lourdes Gurriel,2019,59,93,76,82,6,1
666971,Lourdes Gurriel,2021,80,45,62,74,12,64
666971,Lourdes Gurriel,2022,69,11,40,63,23,71
666971,Lourdes Gurriel,2023,80,52,66,74,8,46
666971,Lourdes Gurriel,2024,89,56,73,55,-18,29
650333,Luis Arráez,2019,89,22,56,86,30,89
650333,Luis Arráez,2021,91,41,66,93,27,96
650333,Luis Arráez,2022,81,40,60,89,29,96
650333,Luis Arráez,2023,95,25,60,99,39,99
650333,Luis Arráez,2024,93,26,60,96,36,91
669134,Luis Campusano,2024,11,53,32,5,-27,71
671277,Luis García,2021,35,31,33,15,-18,41
671277,Luis García,2022,46,19,32,79,47,89
671277,Luis García,2023,19,35,27,19,-8,83
671277,Luis García,2024,16,42,29,55,26,81
670768,Luis González,2022,36,57,46,12,-34,4
641645,Luis Guillorme,2022,59,4,32,81,49,98
641645,Luis Guillorme,2024,84,7,46,39,-7,25
682641,Luis Matos,2023,3,61,32,15,-17,92
682641,Luis Matos,2024,9,73,41,12,-29,7
650859,Luis Rengifo,2019,60,15,38,24,-14,15
650859,Luis Rengifo,2022,30,26,28,32,4,36
650859,Luis Rengifo,2023,37,36,36,50,14,48
650859,Luis Rengifo,2024,54,2,28,38,10,35
673357,Luis Robert,2021,77,57,67,79,12,60
673357,Luis Robert,2022,73,41,57,18,-39,51
673357,Luis Robert,2023,86,64,75,89,14,20
673357,Luis Robert,2024,92,70,81,37,-44,15
620443,Luis Torrens,2021,33,34,34,82,48,50
649966,Luis Urías,2021,24,50,37,73,36,20
649966,Luis Urías,2022,36,78,57,80,23,82
670042,Luke Raley,2023,22,63,42,60,18,28
670042,Luke Raley,2024,47,86,67,59,-8,24
572228,Luke Voit,2019,95,75,85,85,0,36
572228,Luke Voit,2022,89,96,92,92,0,61
642423,Magneuris Sierra,2021,22,3,13,54,41,20
596748,Maikel Franco,2019,10,18,14,1,-13,3
596748,Maikel Franco,2021,8,16,12,0,-12,22
596748,Maikel Franco,2022,7,13,10,9,-1,40
672580,Maikel García,2023,11,10,10,59,49,81
672580,Maikel García,2024,26,20,23,26,3,60
605480,Mallex Smith,2019,9,24,16,23,7,35
592518,Manny Machado,2019,4,38,21,17,-4,37
592518,Manny Machado,2021,3,38,20,31,11,66
592518,Manny Machado,2022,11,31,21,55,34,91
592518,Manny Machado,2023,6,61,33,10,-23,67
592518,Manny Machado,2024,7,27,17,34,17,87
622534,Manuel Margot,2019,5,6,6,1,-5,7
622534,Manuel Margot,2021,15,35,25,11,-14,59
622534,Manuel Margot,2022,9,5,7,9,2,24
622534,Manuel Margot,2023,20,21,21,4,-17,39
622534,Manuel Margot,2024,12,47,30,12,-18,78
542303,Marcell Ozuna,2019,31,50,40,65,25,56
542303,Marcell Ozuna,2022,64,75,69,66,-3,16
542303,Marcell Ozuna,2023,81,77,79,94,15,63
542303,Marcell Ozuna,2024,81,85,83,99,16,77
543760,Marcus Semien,2019,69,61,65,61,-4,39
543760,Marcus Semien,2021,58,96,77,74,-3,70
543760,Marcus Semien,2022,59,91,75,51,-24,68
543760,Marcus Semien,2023,68,87,78,57,-21,77
543760,Marcus Semien,2024,68,68,68,62,-6,33
592192,Mark Canha,2019,78,56,67,59,-8,2
592192,Mark Canha,2021,86,72,79,57,-22,23
592192,Mark Canha,2022,70,29,50,40,-10,44
592192,Mark Canha,2023,42,26,34,11,-23,28
592192,Mark Canha,2024,35,31,33,20,-13,52
668901,Mark Vientos,2024,36,43,40,91,51,14
455117,Martín Maldonado,2019,57,28,42,29,-13,26
455117,Martín Maldonado,2021,58,90,74,50,-24,50
455117,Martín Maldonado,2022,46,58,52,54,2,74
455117,Martín Maldonado,2023,52,91,71,73,2,7
503556,Marwin González,2019,29,28,28,59,31,82
503556,Marwin González,2021,46,10,28,30,2,17
807799,Masataka Yoshida,2023,17,11,14,26,12,60
807799,Masataka Yoshida,2024,46,74,60,11,-49,66
691026,Masyn Winn,2024,12,30,21,17,-4,38
571431,Matt Adams,2019,90,97,93,93,0,14
607461,Matt Beaty,2021,20,38,29,21,-8,25
572761,Matt Carpenter,2019,99,99,99,77,-22,8
656305,Matt Chapman,2019,11,54,32,32,0,19
656305,Matt Chapman,2021,10,70,40,68,28,23
656305,Matt Chapman,2022,9,81,45,79,34,42
656305,Matt Chapman,2023,15,62,38,48,10,22
656305,Matt Chapman,2024,11,45,28,26,-2,13
622110,Matt Duffy,2021,91,10,50,84,34,93
622110,Matt Duffy,2022,92,47,69,59,-10,95
622110,Matt Duffy,2023,63,3,33,69,36,99
680574,Matt McLain,2023,53,69,61,93,32,33
621566,Matt Olson,2019,21,88,55,96,41,48
621566,Matt Olson,2021,25,66,45,43,-2,13
621566,Matt Olson,2022,42,47,44,64,20,27
621566,Matt Olson,2023,74,65,70,81,11,40
621566,Matt Olson,2024,69,80,75,56,-19,33
608703,Matt Reynolds,2022,15,29,22,48,26,100
642136,Matt Thaiss,2023,16,70,43,67,24,24
642136,Matt Thaiss,2024,26,89,58,18,-40,37
663837,Matt Vierling,2022,38,15,27,36,9,75
663837,Matt Vierling,2023,28,7,18,29,11,57
663837,Matt Vierling,2024,18,20,19,38,19,65
670242,Matt Wallner,2024,68,72,70,92,22,23
643289,Mauricio Dubón,2022,47,69,58,15,-43,26
643289,Mauricio Dubón,2023,57,24,41,51,10,45
643289,Mauricio Dubón,2024,30,33,32,30,-2,67
596146,Max Kepler,2019,26,55,40,9,-31,10
596146,Max Kepler,2021,18,51,34,44,10,75
596146,Max Kepler,2022,18,39,29,20,-9,52
596146,Max Kepler,2023,25,72,49,73,24,77
596146,Max Kepler,2024,26,51,39,13,-26,63
571970,Max Muncy,2019,48,89,68,95,27,89
571970,Max Muncy,2021,47,94,71,96,25,76
571970,Max Muncy,2022,69,99,84,79,-5,59
571970,Max Muncy,2023,65,95,80,94,14,57
571970,Max Muncy,2024,61,100,80,86,6,88
680474,Max Schuemann,2024,46,83,65,86,21,72
545358,Max Stassi,2021,28,45,37,95,58,40
545358,Max Stassi,2022,24,38,31,41,10,17
466320,Melky Cabrera,2019,20,2,11,7,-4,45
488726,Michael Brantley,2019,75,26,50,60,10,90
488726,Michael Brantley,2021,83,11,47,79,32,96
488726,Michael Brantley,2022,92,28,60,94,34,93
683737,Michael Busch,2024,86,90,88,78,-10,46
656308,Michael Chavis,2019,19,74,46,35,-11,81
656308,Michael Chavis,2022,24,45,34,27,-7,7
624424,Michael Conforto,2019,62,94,78,74,-4,51
624424,Michael Conforto,2021,44,35,40,71,31,92
624424,Michael Conforto,2023,21,70,46,45,-1,29
624424,Michael Conforto,2024,38,50,44,71,27,19
671739,Michael Harris,2022,19,5,12,32,20,80
671739,Michael Harris,2023,14,8,11,29,18,68
671739,Michael Harris,2024,16,20,18,23,5,74
686681,Michael Massey,2023,59,64,62,68,6,47
686681,Michael Massey,2024,47,79,63,64,1,74
672279,Michael Siani,2024,52,2,27,40,13,67
572191,Michael Taylor,2021,71,33,52,33,-19,78
572191,Michael Taylor,2022,43,84,63,29,-34,7
572191,Michael Taylor,2023,41,75,58,71,13,2
572191,Michael Taylor,2024,39,72,55,50,-5,19
669911,Michael Toglia,2024,89,92,90,100,10,52
666160,Mickey Moniak,2023,90,92,91,97,6,73
666160,Mickey Moniak,2024,67,45,56,27,-29,11
665804,Miguel Amaya,2024,53,54,54,12,-42,14
609280,Miguel Andújar,2024,1,3,2,3,1,43
408234,Miguel Cabrera,2019,82,23,53,47,-6,91
408234,Miguel Cabrera,2021,78,49,63,48,-15,67
408234,Miguel Cabrera,2022,54,3,28,45,17,93
408234,Miguel Cabrera,2023,59,10,34,34,0,58
500743,Miguel Rojas,2019,57,15,36,15,-21,94
500743,Miguel Rojas,2021,60,33,46,25,-21,63
500743,Miguel Rojas,2022,45,27,36,33,-3,85
500743,Miguel Rojas,2023,45,29,37,10,-27,61
500743,Miguel Rojas,2024,40,3,22,44,22,33
593934,Miguel Sanó,2019,56,84,70,99,29,13
593934,Miguel Sanó,2021,65,68,66,21,-45,12
678246,Miguel Vargas,2023,88,85,87,16,-71,2
678246,Miguel Vargas,2024,94,93,94,8,-86,4
519058,Mike Moustakas,2019,39,74,57,28,-29,4
519058,Mike Moustakas,2022,1,71,36,11,-25,15
519058,Mike Moustakas,2023,2,71,37,5,-32,41
643565,Mike Tauchman,2023,78,23,50,67,17,65
643565,Mike Tauchman,2024,76,75,75,70,-5,82
545361,Mike Trout,2019,92,99,96,95,-1,80
545361,Mike Trout,2022,94,96,95,99,4,91
545361,Mike Trout,2023,93,83,88,93,5,80
573262,Mike Yastrzemski,2019,64,81,73,93,20,26
573262,Mike Yastrzemski,2021,48,85,66,76,10,47
573262,Mike Yastrzemski,2022,54,79,67,72,5,65
573262,Mike Yastrzemski,2023,41,90,66,69,3,6
573262,Mike Yastrzemski,2024,32,80,56,73,17,21
572287,Mike Zunino,2021,47,97,72,95,23,6
641598,Mitch Garver,2019,8,91,49,97,48,32
641598,Mitch Garver,2023,24,84,54,80,26,63
641598,Mitch Garver,2024,20,90,55,27,-28,35
571745,Mitch Haniger,2021,48,52,50,90,40,48
571745,Mitch Haniger,2022,30,77,54,69,15,83
571745,Mitch Haniger,2023,55,67,61,90,29,88
571745,Mitch Haniger,2024,50,40,45,48,3,31
519048,Mitch Moreland,2019,47,60,54,52,-2,74
519048,Mitch Moreland,2021,34,35,35,30,-5,86
669004,MJ Melendez,2022,19,71,45,71,26,76
669004,MJ Melendez,2023,45,88,66,74,8,89
669004,MJ Melendez,2024,20,58,39,53,14,60
605141,Mookie Betts,2019,61,86,74,90,16,82
605141,Mookie Betts,2021,84,61,72,70,-2,45
605141,Mookie Betts,2022,71,92,81,80,-1,81
605141,Mookie Betts,2023,76,96,86,96,10,97
605141,Mookie Betts,2024,81,92,86,84,-2,92
664702,Myles Straw,2021,87,17,52,59,7,97
664702,Myles Straw,2022,87,29,58,41,-17,82
664702,Myles Straw,2023,78,16,47,55,8,19
663993,Nathaniel Lowe,2021,57,27,42,29,-13,74
663993,Nathaniel Lowe,2022,42,27,35,70,35,77
663993,Nathaniel Lowe,2023,33,25,29,35,6,71
663993,Nathaniel Lowe,2024,36,15,26,33,7,52
435522,Neil Walker,2019,81,46,63,89,26,58
443558,Nelson Cruz,2019,48,60,54,97,43,40
443558,Nelson Cruz,2021,36,62,49,27,-22,21
443558,Nelson Cruz,2022,72,5,38,28,-10,59
676369,Nelson Velázquez,2024,29,91,60,32,-28,6
605113,Nick Ahmed,2019,32,51,41,44,3,20
605113,Nick Ahmed,2021,22,49,36,3,-33,6
605113,Nick Ahmed,2024,8,35,21,60,39,25
669397,Nick Allen,2022,11,22,16,33,17,12
669397,Nick Allen,2023,21,5,13,21,8,5
592206,Nick Castellanos,2019,97,93,95,92,-3,54
592206,Nick Castellanos,2021,95,75,85,92,7,83
592206,Nick Castellanos,2022,99,69,84,83,-1,32
592206,Nick Castellanos,2023,96,50,73,87,14,64
592206,Nick Castellanos,2024,96,55,76,78,2,95
663743,Nick Fortes,2022,1,66,33,35,2,50
663743,Nick Fortes,2023,0,42,21,6,-15,29
663743,Nick Fortes,2024,0,6,3,1,-2,13
693304,Nick Gonzales,2024,55,50,52,63,11,84
624503,Nick Gordon,2022,73,75,74,94,20,95
624503,Nick Gordon,2024,59,42,51,72,21,94
679845,Nick Loftin,2024,66,38,52,9,-43,8
663611,Nick Madrigal,2021,8,5,6,47,41,98
663611,Nick Madrigal,2022,29,1,15,52,37,80
663611,Nick Madrigal,2023,10,2,6,45,39,98
455976,Nick Markakis,2019,3,5,4,45,41,100
605361,Nick Martini,2024,23,63,43,49,6,29
665155,Nick Maton,2023,94,98,96,51,-45,13
668472,Nick Pratto,2023,97,64,80,94,14,10
669222,Nick Senzel,2019,70,44,57,41,-16,31
669222,Nick Senzel,2022,57,42,50,47,-3,83
669222,Nick Senzel,2023,50,56,53,53,0,46
669222,Nick Senzel,2024,67,50,59,69,10,73
669256,Nick Solak,2021,11,34,22,12,-10,35
670032,Nicky Lopez,2019,1,0,1,4,3,99
670032,Nicky Lopez,2021,6,8,7,32,25,49
670032,Nicky Lopez,2022,4,17,11,42,31,72
670032,Nicky Lopez,2023,14,10,12,41,29,95
670032,Nicky Lopez,2024,14,10,12,54,42,93
663538,Nico Hoerner,2022,43,19,31,22,-9,80
663538,Nico Hoerner,2023,51,16,34,28,-6,78
663538,Nico Hoerner,2024,57,17,37,53,16,50
592348,Niko Goodrum,2019,93,37,65,40,-25,45
592348,Niko Goodrum,2021,98,91,95,81,-14,56
682622,Noelvi Marte,2024,54,11,32,49,17,1
571448,Nolan Arenado,2019,24,47,35,47,12,41
571448,Nolan Arenado,2021,46,69,58,40,-18,22
571448,Nolan Arenado,2022,48,75,61,52,-9,40
571448,Nolan Arenado,2023,63,59,61,45,-16,38
571448,Nolan Arenado,2024,70,24,47,51,4,48
669357,Nolan Gorman,2022,97,96,97,99,2,57
669357,Nolan Gorman,2023,89,90,89,98,9,23
669357,Nolan Gorman,2024,86,99,92,98,6,80
666134,Nolan Jones,2023,84,89,86,77,-9,17
666134,Nolan Jones,2024,88,28,58,8,-50,10
694384,Nolan Schanuel,2024,96,33,64,90,26,39
608577,Nomar Mazara,2019,79,42,60,30,-30,23
546318,Odúbel Herrera,2021,34,8,21,2,-19,24
553882,Omar Narváez,2019,98,83,90,90,0,70
553882,Omar Narváez,2021,86,89,87,78,-9,64
553882,Omar Narváez,2022,95,64,80,58,-22,70
665833,Oneil Cruz,2022,37,15,26,3,-23,9
665833,Oneil Cruz,2024,47,4,26,7,-19,66
606115,Orlando Arcia,2019,11,38,25,8,-17,29
606115,Orlando Arcia,2022,11,18,14,85,71,84
606115,Orlando Arcia,2023,8,8,8,46,38,31
606115,Orlando Arcia,2024,3,37,20,10,-10,7
693049,Oscar Colás,2023,47,6,27,0,-27,1
660757,Oscar González,2022,40,4,22,13,-9,56
640458,Óscar Mercado,2019,51,65,58,25,-33,7
640458,Óscar Mercado,2021,68,49,59,12,-47,12
665828,Oswaldo Cabrera,2023,54,36,45,11,-34,4
665828,Oswaldo Cabrera,2024,29,25,27,33,6,60
672640,Otto Lopez,2024,46,5,25,43,18,61
680911,Owen Miller,2022,63,36,50,24,-26,18
680911,Owen Miller,2023,59,73,66,32,-34,48
645277,Ozzie Albies,2019,68,68,68,68,0,78
645277,Ozzie Albies,2021,81,84,83,71,-12,65
645277,Ozzie Albies,2022,78,78,78,74,-4,32
645277,Ozzie Albies,2023,63,92,78,77,-1,90
645277,Ozzie Albies,2024,51,47,49,41,-8,40
622569,Pablo Reyes,2023,35,31,33,23,-10,21
678009,Parker Meadows,2024,35,97,66,58,-8,42
642162,Pat Valaika,2021,77,96,86,30,-56,59
672275,Patrick Bailey,2023,64,33,49,89,40,41
672275,Patrick Bailey,2024,48,23,36,56,20,94
621550,Patrick Wisdom,2021,63,93,78,98,20,52
621550,Patrick Wisdom,2022,66,76,71,51,-20,19
621550,Patrick Wisdom,2023,53,96,75,96,21,30
621550,Patrick Wisdom,2024,25,100,63,34,-29,48
657557,Paul DeJong,2019,65,84,75,49,-26,34
657557,Paul DeJong,2021,74,96,85,50,-35,11
657557,Paul DeJong,2023,66,62,64,63,-1,14
657557,Paul DeJong,2024,78,91,85,79,-6,16
502671,Paul Goldschmidt,2019,65,88,77,84,7,74
502671,Paul Goldschmidt,2021,63,75,69,93,24,90
502671,Paul Goldschmidt,2022,61,72,67,89,22,66
502671,Paul Goldschmidt,2023,48,52,50,87,37,63
502671,Paul Goldschmidt,2024,47,60,53,90,37,89
656976,Pavin Smith,2021,35,20,28,45,17,39
656976,Pavin Smith,2022,29,9,19,75,56,27
656976,Pavin Smith,2023,34,78,56,14,-42,73
656976,Pavin Smith,2024,33,46,39,97,58,90
686780,Pedro Pages,2024,41,28,34,21,-13,20
600474,Pedro Severino,2019,25,31,28,48,20,8
600474,Pedro Severino,2021,51,12,32,22,-10,13
624413,Pete Alonso,2019,35,79,57,63,6,51
624413,Pete Alonso,2021,30,83,56,40,-16,72
624413,Pete Alonso,2022,25,65,45,20,-25,89
624413,Pete Alonso,2023,34,94,64,39,-25,81
624413,Pete Alonso,2024,45,63,54,33,-21,74
691718,Pete Crow-Armstrong,2024,76,88,82,74,-8,6
594838,Philip Gosselin,2021,42,63,53,19,-34,57
595943,Phillip Evans,2021,4,7,6,5,-1,82
646240,Rafael Devers,2019,5,37,21,23,2,67
646240,Rafael Devers,2021,10,43,27,86,59,71
646240,Rafael Devers,2022,9,33,21,59,38,58
646240,Rafael Devers,2023,15,40,28,52,24,35
646240,Rafael Devers,2024,11,39,25,82,57,64
542364,Rafael Ortega,2021,12,65,39,54,15,94
542364,Rafael Ortega,2022,23,82,52,55,3,74
606132,Raimel Tapia,2019,79,8,44,51,7,66
606132,Raimel Tapia,2021,41,0,21,6,-15,38
606132,Raimel Tapia,2022,79,17,48,11,-37,24
657656,Ramón Laureano,2019,73,67,70,79,9,38
657656,Ramón Laureano,2021,82,59,70,77,7,37
657656,Ramón Laureano,2022,68,81,75,61,-14,31
657656,Ramón Laureano,2023,79,54,66,59,-7,10
657656,Ramón Laureano,2024,97,97,97,94,-3,40
602104,Ramón Urías,2021,9,22,15,82,67,56
602104,Ramón Urías,2022,13,20,17,72,55,50
602104,Ramón Urías,2023,7,13,10,22,12,95
602104,Ramón Urías,2024,1,62,31,77,46,64
545341,Randal Grichuk,2019,4,69,37,19,-18,21
545341,Randal Grichuk,2021,9,64,36,3,-33,48
545341,Randal Grichuk,2022,14,25,19,8,-11,52
545341,Randal Grichuk,2023,14,44,29,22,-7,53
545341,Randal Grichuk,2024,22,53,38,48,10,16
668227,Randy Arozarena,2021,1,29,15,10,-5,38
668227,Randy Arozarena,2022,5,10,8,10,2,26
668227,Randy Arozarena,2023,3,63,33,34,1,49
668227,Randy Arozarena,2024,4,24,14,36,22,27
624512,Reese McGuire,2021,69,54,61,45,-16,51
624512,Reese McGuire,2022,39,35,37,57,20,23
624512,Reese McGuire,2024,16,69,43,61,18,6
600524,Renato Núñez,2019,48,70,59,30,-29,16
656555,Rhys Hoskins,2019,66,96,81,49,-32,34
656555,Rhys Hoskins,2021,74,92,83,96,13,56
656555,Rhys Hoskins,2022,94,82,88,91,3,34
656555,Rhys Hoskins,2024,66,94,80,69,-11,56
621006,Richie Martin,2019,42,22,32,7,-25,2
680700,Richie Palacios,2024,4,32,18,57,39,36
682985,Riley Greene,2022,94,17,55,31,-24,15
682985,Riley Greene,2023,99,47,73,91,18,90
682985,Riley Greene,2024,100,59,79,91,12,38
547004,Rio Ruiz,2019,16,21,18,33,15,6
608701,Rob Refsnyder,2023,73,30,52,80,28,82
608701,Rob Refsnyder,2024,43,23,33,57,24,55
543257,Robbie Grossman,2019,47,43,45,46,1,56
543257,Robbie Grossman,2021,80,89,85,76,-9,86
543257,Robbie Grossman,2022,73,94,83,66,-17,89
543257,Robbie Grossman,2023,67,96,81,39,-42,60
543257,Robbie Grossman,2024,87,34,60,45,-15,27
547379,Roberto Pérez,2019,27,53,40,45,5,42
429664,Robinson Canó,2019,17,7,12,19,7,78
455139,Robinson Chirinos,2019,46,80,63,67,4,24
666801,Rodolfo Castro,2022,78,79,78,19,-59,6
666801,Rodolfo Castro,2023,75,18,47,1,-46,13
663853,Romy Gonzalez,2024,24,2,13,39,26,79
660670,Ronald Acuña,2019,96,82,89,87,-2,19
660670,Ronald Acuña,2021,87,77,82,88,6,56
660670,Ronald Acuña,2022,74,16,45,53,8,17
660670,Ronald Acuña,2023,69,14,41,53,12,86
660670,Ronald Acuña,2024,77,7,42,24,-18,83
591720,Ronald Torreyes,2021,45,34,39,54,15,15
596059,Rougned Odor,2019,13,97,55,49,-6,9
596059,Rougned Odor,2021,10,86,48,15,-33,20
596059,Rougned Odor,2022,22,87,54,27,-27,17
642133,Rowdy Tellez,2019,45,47,46,55,9,73
642133,Rowdy Tellez,2021,29,26,28,24,-4,37
642133,Rowdy Tellez,2022,14,62,38,53,15,43
642133,Rowdy Tellez,2023,13,49,31,7,-24,74
642133,Rowdy Tellez,2024,9,24,17,4,-13,55
668904,Royce Lewis,2023,4,53,28,43,15,58
668904,Royce Lewis,2024,22,72,47,50,3,40
460075,Ryan Braun,2019,62,20,41,43,2,25
680777,Ryan Jeffers,2021,79,76,77,91,14,60
680777,Ryan Jeffers,2022,79,100,89,65,-24,27
680777,Ryan Jeffers,2023,60,75,68,56,-12,35
680777,Ryan Jeffers,2024,33,71,52,9,-43,9
641857,Ryan McMahon,2019,95,21,58,66,8,21
641857,Ryan McMahon,2021,88,60,74,68,-6,68
641857,Ryan McMahon,2022,93,28,61,62,1,82
641857,Ryan McMahon,2023,87,43,65,86,21,36
641857,Ryan McMahon,2024,93,23,58,60,2,77
663624,Ryan Mountcastle,2021,95,84,89,67,-22,10
663624,Ryan Mountcastle,2022,93,66,79,96,17,87
663624,Ryan Mountcastle,2023,87,33,60,57,-3,74
663624,Ryan Mountcastle,2024,90,45,68,51,-17,39
676116,Ryan Noda,2023,70,71,71,79,8,68
656811,Ryan O'Hearn,2019,21,37,29,36,7,92
656811,Ryan O'Hearn,2021,75,48,61,43,-18,44
656811,Ryan O'Hearn,2023,58,55,56,75,19,83
656811,Ryan O'Hearn,2024,48,48,48,67,19,53
475582,Ryan Zimmerman,2021,1,13,7,46,39,55
686217,Sal Frelick,2023,25,1,13,30,17,6
686217,Sal Frelick,2024,17,8,12,24,12,15
521692,Salvador Pérez,2021,85,79,82,94,12,21
521692,Salvador Pérez,2022,75,83,79,67,-12,49
521692,Salvador Pérez,2023,77,83,80,63,-17,40
521692,Salvador Pérez,2024,85,81,83,75,-8,69
669289,Santiago Espinal,2021,76,21,49,64,15,24
669289,Santiago Espinal,2022,56,9,33,55,22,75
669289,Santiago Espinal,2023,71,23,47,48,1,51
669289,Santiago Espinal,2024,80,35,57,70,13,30
664068,Scott Kingery,2019,94,77,86,81,-5,44
669221,Sean Murphy,2021,17,68,43,60,17,88
669221,Sean Murphy,2022,29,39,34,44,10,67
669221,Sean Murphy,2023,49,71,60,68,8,89
669221,Sean Murphy,2024,50,51,51,14,-37,12
673548,Seiya Suzuki,2022,37,44,40,70,30,36
673548,Seiya Suzuki,2023,46,20,33,64,31,88
673548,Seiya Suzuki,2024,31,82,57,78,21,91
642727,Sergio Alcántara,2022,74,78,76,71,-5,48
664913,Seth Brown,2021,32,98,65,58,-7,29
664913,Seth Brown,2022,51,80,66,73,7,14
664913,Seth Brown,2023,51,89,70,50,-20,9
664913,Seth Brown,2024,45,70,58,36,-22,17
669127,Shea Langeliers,2023,29,95,62,14,-48,2
669127,Shea Langeliers,2024,22,74,48,62,14,20
641914,Sheldon Neuse,2022,40,0,20,23,3,98
425783,Shin-Soo Choo,2019,66,16,41,80,39,73
660271,Shohei Ohtani,2019,75,13,44,60,16,98
660271,Shohei Ohtani,2021,90,85,88,98,10,52
660271,Shohei Ohtani,2022,76,61,68,93,25,53
660271,Shohei Ohtani,2023,69,41,55,92,37,82
660271,Shohei Ohtani,2024,72,71,71,98,27,96
687462,Spencer Horwitz,2024,94,41,68,84,16,21
668715,Spencer Steer,2023,24,57,41,46,5,65
668715,Spencer Steer,2024,27,71,49,46,-3,52
679529,Spencer Torkelson,2022,36,62,49,37,-12,71
679529,Spencer Torkelson,2023,51,73,62,68,6,38
679529,Spencer Torkelson,2024,54,84,69,29,-40,24
516770,Starlin Castro,2019,49,25,37,26,-11,59
516770,Starlin Castro,2021,66,6,36,31,-5,85
516782,Starling Marte,2019,81,26,54,44,-10,29
516782,Starling Marte,2021,73,23,48,37,-11,41
516782,Starling Marte,2022,84,33,59,39,-20,68
516782,Starling Marte,2023,85,42,63,15,-48,27
516782,Starling Marte,2024,83,11,47,64,17,90
572039,Stephen Piscotty,2019,67,58,62,32,-30,95
519390,Stephen Vogt,2021,70,91,80,60,-20,23
621453,Steven Duggar,2021,98,87,93,87,-6,51
680757,Steven Kwan,2022,73,18,46,69,23,35
680757,Steven Kwan,2023,77,11,44,87,43,86
680757,Steven Kwan,2024,82,66,74,85,11,50
592859,Stevie Wilkerson,2019,54,59,56,27,-29,21
656448,Stone Garrett,2023,30,67,49,79,30,63
656413,Stuart Fairchild,2023,80,87,84,70,-14,30
656413,Stuart Fairchild,2024,56,76,66,66,0,3
670764,Taylor Walls,2022,60,72,66,58,-8,48
670764,Taylor Walls,2023,54,75,64,67,3,25
670764,Taylor Walls,2024,61,87,74,30,-44,22
621493,Taylor Ward,2021,86,77,81,75,-6,99
621493,Taylor Ward,2022,67,77,72,95,23,90
621493,Taylor Ward,2023,28,78,53,61,8,98
621493,Taylor Ward,2024,59,92,75,97,22,100
606192,Teoscar Hernández,2019,41,87,64,53,-11,5
606192,Teoscar Hernández,2021,63,54,58,83,25,59
606192,Teoscar Hernández,2022,71,51,61,91,30,80
606192,Teoscar Hernández,2023,71,43,57,89,32,33
606192,Teoscar Hernández,2024,71,65,68,93,25,31
642731,Thairo Estrada,2022,55,15,35,42,7,23
642731,Thairo Estrada,2023,45,30,38,44,6,11
642731,Thairo Estrada,2024,35,43,39,16,-23,14
641313,Tim Anderson,2019,83,44,63,72,9,96
641313,Tim Anderson,2021,96,15,56,72,16,94
641313,Tim Anderson,2022,96,8,52,90,38,96
641313,Tim Anderson,2023,98,1,50,26,-24,98
641313,Tim Anderson,2024,99,11,55,13,-42,92
542921,Tim Beckham,2019,84,52,68,56,-12,3
670770,TJ Friedl,2022,18,92,55,9,-46,29
670770,TJ Friedl,2023,10,41,25,27,2,13
670770,TJ Friedl,2024,10,63,36,22,-14,29
453943,Todd Frazier,2019,8,70,39,27,-12,34
608596,Tom Murphy,2021,82,72,77,49,-28,3
621512,Tomás Nido,2022,36,74,55,88,33,82
621512,Tomás Nido,2024,39,76,58,75,17,100
669242,Tommy Edman,2019,19,46,33,74,41,95
669242,Tommy Edman,2021,6,15,10,34,24,90
669242,Tommy Edman,2022,7,8,7,32,25,81
669242,Tommy Edman,2023,2,12,7,10,3,73
669242,Tommy Edman,2024,4,38,21,25,4,87
600303,Tommy La Stella,2019,50,19,34,71,37,90
600303,Tommy La Stella,2021,60,40,50,84,34,98
600303,Tommy La Stella,2022,38,42,40,20,-20,54
502054,Tommy Pham,2019,23,10,16,23,7,84
502054,Tommy Pham,2021,40,56,48,57,9,67
502054,Tommy Pham,2022,26,14,20,54,34,60
502054,Tommy Pham,2023,30,20,25,58,33,84
502054,Tommy Pham,2024,26,22,24,42,18,63
643393,Tony Kemp,2021,58,80,69,91,22,80
643393,Tony Kemp,2022,72,74,73,63,-10,20
643393,Tony Kemp,2023,32,56,44,76,32,65
547172,Tony Wolters,2019,73,35,54,61,7,85
518595,Travis d'Arnaud,2019,23,34,29,38,9,9
518595,Travis d'Arnaud,2021,14,52,33,26,-7,88
518595,Travis d'Arnaud,2022,28,60,44,45,1,41
518595,Travis d'Arnaud,2023,26,66,46,54,8,34
518595,Travis d'Arnaud,2024,36,66,51,79,28,81
608671,Travis Jankowski,2023,57,6,32,33,1,42
608671,Travis Jankowski,2024,55,0,28,11,-17,45
543768,Travis Shaw,2021,57,71,64,39,-25,11
607208,Trea Turner,2019,13,14,13,21,8,66
607208,Trea Turner,2021,11,18,14,50,36,97
607208,Trea Turner,2022,21,41,31,60,29,52
607208,Trea Turner,2023,27,79,53,62,9,69
607208,Trea Turner,2024,19,33,26,48,22,93
663757,Trent Grisham,2021,22,45,33,33,0,46
663757,Trent Grisham,2022,30,83,56,31,-25,5
663757,Trent Grisham,2023,33,74,54,41,-13,14
663757,Trent Grisham,2024,21,64,42,79,37,28
663616,Trevor Larnach,2021,92,31,62,28,-34,68
663616,Trevor Larnach,2024,98,52,75,60,-15,92
596115,Trevor Story,2019,55,73,64,73,9,88
596115,Trevor Story,2021,45,59,52,56,4,42
596115,Trevor Story,2022,70,83,77,73,-4,19
702358,Trey Lipscomb,2024,38,0,19,5,-14,12
641820,Trey Mancini,2019,55,39,47,50,3,57
641820,Trey Mancini,2021,72,17,44,46,2,72
641820,Trey Mancini,2022,50,70,60,61,1,68
641820,Trey Mancini,2023,78,13,46,21,-25,66
671213,Triston Casas,2023,89,89,89,83,-6,9
671213,Triston Casas,2024,95,98,97,93,-4,17
571466,Tucker Barnhart,2019,63,75,69,41,-28,33
571466,Tucker Barnhart,2021,56,87,71,61,-10,97
571466,Tucker Barnhart,2022,55,7,31,42,11,33
672779,Tucupita Marcano,2023,60,72,66,46,-20,8
664034,Ty France,2021,81,24,52,67,15,66
664034,Ty France,2022,60,14,37,46,9,61
664034,Ty France,2023,80,27,53,48,-5,42
664034,Ty France,2024,78,28,53,25,-28,59
666149,Tyler Fitzgerald,2024,86,84,85,96,11,68
452095,Tyler Flowers,2019,52,49,50,42,-8,22
671289,Tyler Freeman,2024,69,30,49,5,-44,36
571980,Tyler Naquin,2021,45,36,41,44,3,39
571980,Tyler Naquin,2022,45,73,59,77,18,74
663527,Tyler Nevin,2024,80,51,66,43,-23,37
641933,Tyler O'Neill,2021,70,82,76,100,24,49
641933,Tyler O'Neill,2022,76,85,81,67,-14,41
641933,Tyler O'Neill,2023,67,73,70,42,-28,22
641933,Tyler O'Neill,2024,68,97,82,97,15,27
691016,Tyler Soderstrom,2024,22,81,52,79,27,97
663886,Tyler Stephenson,2021,89,39,64,70,6,55
663886,Tyler Stephenson,2023,90,45,67,78,11,54
663886,Tyler Stephenson,2024,83,53,68,65,-3,54
642180,Tyler Wade,2024,58,38,48,89,41,15
621438,Tyrone Taylor,2021,72,19,45,25,-20,42
621438,Tyrone Taylor,2022,85,90,88,82,-6,46
621438,Tyrone Taylor,2023,68,97,82,54,-28,62
621438,Tyrone Taylor,2024,78,49,64,35,-29,34
605170,Víctor Caratini,2021,39,36,37,7,-30,89
605170,Víctor Caratini,2022,57,15,36,15,-21,22
605170,Víctor Caratini,2023,23,2,13,9,-4,100
605170,Víctor Caratini,2024,83,19,51,39,-12,95
622682,Víctor Reyes,2021,94,20,57,59,2,59
622682,Víctor Reyes,2022,95,32,64,31,-33,46
645302,Víctor Robles,2019,79,71,75,13,-62,1
645302,Víctor Robles,2021,69,82,75,9,-66,7
645302,Víctor Robles,2022,41,50,45,5,-40,2
645302,Víctor Robles,2024,74,47,60,60,0,2
687363,Victor Scott,2024,51,76,63,16,-47,2
660644,Vidal Bruján,2024,30,12,21,21,0,44
605353,Vimael Machín,2022,32,71,52,22,-30,99
686469,Vinnie Pasquantino,2022,37,52,45,41,-4,92
686469,Vinnie Pasquantino,2023,33,38,36,38,2,96
686469,Vinnie Pasquantino,2024,19,63,41,15,-26,81
665489,Vladimir Guerrero,2019,9,16,13,1,-12,59
665489,Vladimir Guerrero,2021,12,40,26,33,7,89
665489,Vladimir Guerrero,2022,10,6,8,2,-6,60
665489,Vladimir Guerrero,2023,11,18,15,7,-8,72
665489,Vladimir Guerrero,2024,10,14,12,35,23,97
677551,Wander Franco,2021,20,40,30,11,-19,53
677551,Wander Franco,2022,32,36,34,19,-15,26
677551,Wander Franco,2023,22,37,29,76,47,92
672761,Wenceel Perez,2024,20,64,42,65,23,31
593160,Whit Merrifield,2019,84,51,67,79,12,84
593160,Whit Merrifield,2021,79,68,74,61,-13,86
593160,Whit Merrifield,2022,83,71,77,69,-8,38
593160,Whit Merrifield,2023,76,59,68,59,-9,56
593160,Whit Merrifield,2024,90,34,62,72,10,24
571976,Wil Myers,2019,31,22,27,62,35,1
571976,Wil Myers,2021,33,56,45,49,4,8
571976,Wil Myers,2022,42,46,44,77,33,87
666181,Will Benson,2023,48,79,63,91,28,92
666181,Will Benson,2024,66,88,77,75,-2,69
686823,Will Brennan,2023,48,17,33,56,23,71
686823,Will Brennan,2024,25,18,21,46,25,38
669257,Will Smith,2021,89,98,94,87,-7,64
669257,Will Smith,2022,64,98,81,83,2,84
669257,Will Smith,2023,76,65,70,49,-21,57
669257,Will Smith,2024,81,98,90,81,-9,86
650489,Willi Castro,2021,90,46,68,13,-55,14
650489,Willi Castro,2022,86,19,53,12,-41,21
650489,Willi Castro,2023,89,80,85,10,-75,3
650489,Willi Castro,2024,91,61,76,63,-13,25
661388,William Contreras,2022,39,31,35,83,48,40
661388,William Contreras,2023,8,11,9,5,-4,58
661388,William Contreras,2024,13,8,10,27,17,75
553902,Willians Astudillo,2021,24,50,37,8,-29,53
641432,Willie Calhoun,2019,0,38,19,24,5,76
641432,Willie Calhoun,2021,7,9,8,17,9,91
641432,Willie Calhoun,2024,1,10,5,7,2,43
575929,Willson Contreras,2019,32,59,46,29,-17,33
575929,Willson Contreras,2021,37,27,32,31,-1,90
575929,Willson Contreras,2022,58,13,36,24,-12,45
575929,Willson Contreras,2023,43,22,33,28,-5,44
575929,Willson Contreras,2024,41,36,39,61,22,58
642715,Willy Adames,2019,68,31,50,62,12,50
642715,Willy Adames,2021,94,93,93,76,-17,31
642715,Willy Adames,2022,83,97,90,93,3,42
642715,Willy Adames,2023,71,88,80,91,11,32
642715,Willy Adames,2024,73,91,82,95,13,59
594694,Wilmer Difo,2021,37,21,29,17,-12,1
527038,Wilmer Flores,2021,61,77,69,29,-40,76
527038,Wilmer Flores,2022,58,80,69,68,-1,81
527038,Wilmer Flores,2023,47,87,67,70,3,52
527038,Wilmer Flores,2024,38,73,56,29,-27,42
467092,Wilson Ramos,2019,20,1,10,10,0,82
677800,Wilyer Abreu,2024,49,84,66,58,-8,46
694671,Wyatt Langford,2024,48,62,55,32,-23,30
593428,Xander Bogaerts,2019,22,57,39,25,-14,75
593428,Xander Bogaerts,2021,49,26,37,51,14,44
593428,Xander Bogaerts,2022,45,13,29,20,-9,39
593428,Xander Bogaerts,2023,47,21,34,25,-9,18
593428,Xander Bogaerts,2024,40,18,29,37,8,73
669364,Xavier Edwards,2024,82,13,48,83,35,95
628450,Yadiel Hernández,2021,76,24,50,80,30,93
628450,Yadiel Hernández,2022,82,46,64,95,31,22
425877,Yadier Molina,2019,67,71,69,81,12,79
425877,Yadier Molina,2021,70,70,70,70,0,70
425877,Yadier Molina,2022,60,69,65,49,-16,37
673237,Yainer Diaz,2023,29,68,48,86,38,86
673237,Yainer Diaz,2024,42,7,25,62,37,99
543228,Yan Gomes,2019,71,95,83,38,-45,40
543228,Yan Gomes,2021,72,53,63,93,30,84
543228,Yan Gomes,2022,76,69,73,48,-25,11
543228,Yan Gomes,2023,72,70,71,62,-9,18
650490,Yandy Díaz,2019,7,8,7,18,11,80
650490,Yandy Díaz,2021,7,26,17,1,-16,62
650490,Yandy Díaz,2022,5,4,5,4,-1,88
650490,Yandy Díaz,2023,7,2,5,27,22,94
650490,Yandy Díaz,2024,6,6,6,4,-2,87
624577,Yasiel Puig,2019,38,55,47,17,-30,8
518735,Yasmani Grandal,2019,14,64,39,56,17,72
518735,Yasmani Grandal,2021,6,61,34,89,55,73
518735,Yasmani Grandal,2022,6,28,17,16,-1,76
518735,Yasmani Grandal,2023,3,63,33,18,-15,90
518735,Yasmani Grandal,2024,3,40,22,54,32,94
606213,Yermín Mercedes,2021,94,61,78,9,-69,15
660162,Yoán Moncada,2019,67,47,57,84,27,91
660162,Yoán Moncada,2021,95,29,62,69,7,54
660162,Yoán Moncada,2022,94,73,83,23,-60,28
660162,Yoán Moncada,2023,97,47,72,85,13,73
570560,Yolmer Sánchez,2019,60,27,44,28,-16,27
602074,Yonathan Daza,2021,98,6,52,71,19,36
602074,Yonathan Daza,2022,99,6,52,80,28,48
475174,Yonder Alonso,2019,33,21,27,26,-1,63
670541,Yordan Álvarez,2019,83,76,79,96,17,90
670541,Yordan Álvarez,2021,87,77,82,77,-5,72
670541,Yordan Álvarez,2022,88,68,78,99,21,83
670541,Yordan Álvarez,2023,74,92,83,83,0,54
670541,Yordan Álvarez,2024,75,77,76,70,-6,77
660294,Yoshi Tsutsugo,2021,27,76,52,30,-22,70
644374,Yu Chang,2021,76,73,74,37,-37,21
493329,Yuli Gurriel,2019,3,32,17,11,-6,36
493329,Yuli Gurriel,2021,5,22,14,21,7,69
493329,Yuli Gurriel,2022,5,43,24,6,-18,67
493329,Yuli Gurriel,2023,1,12,7,5,-2,71
656716,Zach McKinstry,2023,85,57,71,65,-6,87
656716,Zach McKinstry,2024,82,88,85,74,-11,84
687263,Zach Neto,2023,73,91,82,34,-48,10
687263,Zach Neto,2024,62,70,66,53,-13,5
680869,Zack Gelof,2023,57,77,67,88,21,85
680869,Zack Gelof,2024,57,60,58,68,10,41
670097,Zack Short,2023,70,81,75,63,-12,5
